_MEMBER_hits,_LogP_hits,GO,_PATTERN_,_RANK_,GiniIndex,Category,CategoryID,Description,PARENT_GO,LogP,Enrichment,Z-score,#TotalGeneInLibrary,#GeneInGO,#GeneInHitList,#GeneInGOAndHitList,%InGO,STDV %InGO,GeneID,Hits,Log(q-value),EvidenceCutoff,GROUP_ID,FirstInGroupByEnrichment,FirstInGroupByLogP,BestLogPInGroup,BestEnrichmentInGroup,URL
1,-3.4306931197173722,GO:0071363,M1,1,0,GO Biological Processes,19,cellular response to growth factor stimulus,19_GO:0050896 response to stimulus,-3.4306931197173722,3.2218035095732933,4.360794803018744,21160,567,139,12,8.633093525179856,2.3821564631931658,11977|13660|16337|17755|20662|22413|23991|56392|56484|64602|74747|93759,Atp7a|Ehd1|Insr|Map1b|Sos1|Wnt2|Cib1|Shoc2|Foxo3|Ireb2|Ddit4|Sirt1,0.0,0,1,1,1,-3.4306931197173722,9.665410528719882,
1,-3.2382956030583268,GO:0070848,M1,1,0,GO Biological Processes,19,response to growth factor,19_GO:0050896 response to stimulus,-3.2382956030583268,3.0650379025638546,4.158394070213482,21160,596,139,12,8.633093525179856,2.3821564631931658,11977|13660|16337|17755|20662|22413|23991|56392|56484|64602|74747|93759,Atp7a|Ehd1|Insr|Map1b|Sos1|Wnt2|Cib1|Shoc2|Foxo3|Ireb2|Ddit4|Sirt1,0.0,0,1,0,0,-3.4306931197173722,9.665410528719882,
1,-3.1042394120200774,GO:1990090,M1,1,0,GO Biological Processes,19,cellular response to nerve growth factor stimulus,19_GO:0050896 response to stimulus,-3.1042394120200774,9.665410528719882,5.601151879764716,21160,63,139,4,2.8776978417266186,1.4179949348581387,13660|23991|56392|56484,Ehd1|Cib1|Shoc2|Foxo3,0.0,0,1,0,0,-3.4306931197173722,9.665410528719882,
1,-3.0530241839059755,GO:1990089,M1,1,0,GO Biological Processes,19,response to nerve growth factor,19_GO:0050896 response to stimulus,-3.0530241839059755,9.368013281682346,5.49436564061434,21160,65,139,4,2.8776978417266186,1.4179949348581387,13660|23991|56392|56484,Ehd1|Cib1|Shoc2|Foxo3,0.0,0,1,0,0,-3.4306931197173722,9.665410528719882,
1,-2.3943360860926566,WP65,M1,1,0,WikiPathways,27,Insulin signaling,,-2.3943360860926566,4.787113705262206,3.897760971534729,21160,159,139,5,3.597122302158273,1.5794838911163331,13660|16337|20662|56484|225028,Ehd1|Insr|Sos1|Foxo3|Map4k3,0.0,0,1,0,0,-3.4306931197173722,9.665410528719882,
1,-2.1214035712476416,mmu04213,M1,1,0,KEGG Pathway,24,Longevity regulating pathway - multiple species - Mus musculus (house mouse),,-2.1214035712476416,7.486731925934661,4.125610418768938,21160,61,139,3,2.158273381294964,1.23255946531898,16337|56484|93759,Insr|Foxo3|Sirt1,0.0,0,1,0,0,-3.4306931197173722,9.665410528719882,
1,-2.0914636550245804,GO:0034612,M1,1,0,GO Biological Processes,19,response to tumor necrosis factor,19_GO:0050896 response to stimulus,-2.0914636550245804,4.048675952854738,3.4142753970717927,21160,188,139,5,3.597122302158273,1.5794838911163331,16337|23991|56484|93759|225028,Insr|Cib1|Foxo3|Sirt1|Map4k3,0.0,0,1,0,0,-3.4306931197173722,9.665410528719882,
1,-3.3906228507008644,GO:1903426,M1,1,0,GO Biological Processes,19,regulation of reactive oxygen species biosynthetic process,19_GO:0050789 regulation of biological process,-3.3906228507008644,11.489072892629293,6.217131689040529,21160,53,139,4,2.8776978417266186,1.4179949348581387,56484|67103|68197|93759,Foxo3|Ptgr1|Ndufc2|Sirt1,0.0,0,2,1,1,-3.3906228507008644,19.856115107913666,
1,-3.3505142226808515,GO:1903427,M1,1,0,GO Biological Processes,19,negative regulation of reactive oxygen species biosynthetic process,19_GO:0048519 negative regulation of biological process,-3.3505142226808515,19.856115107913666,7.357372560915833,21160,23,139,3,2.158273381294964,1.23255946531898,67103|68197|93759,Ptgr1|Ndufc2|Sirt1,0.0,0,2,0,0,-3.3906228507008644,19.856115107913666,
1,-3.1469658852689153,GO:2000377,M1,1,0,GO Biological Processes,19,regulation of reactive oxygen species metabolic process,19_GO:0050789 regulation of biological process,-3.1469658852689153,5.638156141753264,4.818836484092327,21160,162,139,6,4.316546762589928,1.7237697110070636,16337|16418|56484|67103|68197|93759,Insr|Eif6|Foxo3|Ptgr1|Ndufc2|Sirt1,0.0,0,2,0,0,-3.3906228507008644,19.856115107913666,
1,-2.3383386409166262,GO:2000378,M1,1,0,GO Biological Processes,19,negative regulation of reactive oxygen species metabolic process,19_GO:0048519 negative regulation of biological process,-2.3383386409166262,8.954718578078714,4.624921451556772,21160,51,139,3,2.158273381294964,1.23255946531898,67103|68197|93759,Ptgr1|Ndufc2|Sirt1,0.0,0,2,0,0,-3.3906228507008644,19.856115107913666,
1,-3.0048004997540256,GO:0038179,M1,1,0,GO Biological Processes,19,neurotrophin signaling pathway,19_GO:0050896 response to stimulus,-3.0048004997540256,15.223021582733812,6.339150041139322,21160,30,139,3,2.158273381294964,1.23255946531898,20662|56392|74747,Sos1|Shoc2|Ddit4,0.0,0,3,1,1,-3.0048004997540256,15.223021582733812,
1,-2.73755481198339,GO:0051057,M1,1,0,GO Biological Processes,19,positive regulation of small GTPase mediated signal transduction,19_GO:0048518 positive regulation of biological process,-2.73755481198339,7.70785902923231,4.857134746433341,21160,79,139,4,2.8776978417266186,1.4179949348581387,20662|56392|319974|100040531,Sos1|Shoc2|Auts2|Dynlt1f,0.0,0,3,0,0,-3.0048004997540256,15.223021582733812,
1,-2.885397750382708,GO:0035107,M1,1,0,GO Biological Processes,19,appendage morphogenesis,19_GO:0032502 developmental process,-2.885397750382708,5.0185785437584,4.427457467903866,21160,182,139,6,4.316546762589928,1.7237697110070636,11977|18845|23967|226844|235320|245866,Atp7a|Plxna2|Osr1|Flvcr1|Zbtb16|Ift52,0.0,0,4,1,1,-2.885397750382708,9.320217295551313,
1,-2.885397750382708,GO:0035108,M1,1,0,GO Biological Processes,19,limb morphogenesis,19_GO:0032502 developmental process,-2.885397750382708,5.0185785437584,4.427457467903866,21160,182,139,6,4.316546762589928,1.7237697110070636,11977|18845|23967|226844|235320|245866,Atp7a|Plxna2|Osr1|Flvcr1|Zbtb16|Ift52,0.0,0,4,0,0,-2.885397750382708,9.320217295551313,
1,-2.8644089676357414,GO:0042733,M1,1,0,GO Biological Processes,19,embryonic digit morphogenesis,19_GO:0032502 developmental process,-2.8644089676357414,8.341381689169213,5.1092848818495575,21160,73,139,4,2.8776978417266186,1.4179949348581387,23967|226844|235320|245866,Osr1|Flvcr1|Zbtb16|Ift52,0.0,0,4,0,0,-2.885397750382708,9.320217295551313,
1,-2.4534312417690427,GO:0048736,M1,1,0,GO Biological Processes,19,appendage development,19_GO:0032502 developmental process,-2.4534312417690427,4.114330157495625,3.79316578111528,21160,222,139,6,4.316546762589928,1.7237697110070636,11977|18845|23967|226844|235320|245866,Atp7a|Plxna2|Osr1|Flvcr1|Zbtb16|Ift52,0.0,0,4,0,0,-2.885397750382708,9.320217295551313,
1,-2.4534312417690427,GO:0060173,M1,1,0,GO Biological Processes,19,limb development,19_GO:0032502 developmental process,-2.4534312417690427,4.114330157495625,3.79316578111528,21160,222,139,6,4.316546762589928,1.7237697110070636,11977|18845|23967|226844|235320|245866,Atp7a|Plxna2|Osr1|Flvcr1|Zbtb16|Ift52,0.0,0,4,0,0,-2.885397750382708,9.320217295551313,
1,-2.3873996608052512,GO:0035137,M1,1,0,GO Biological Processes,19,hindlimb morphogenesis,19_GO:0032502 developmental process,-2.3873996608052512,9.320217295551313,4.741399932297497,21160,49,139,3,2.158273381294964,1.23255946531898,11977|23967|235320,Atp7a|Osr1|Zbtb16,0.0,0,4,0,0,-2.885397750382708,9.320217295551313,
1,-2.8609096108902436,GO:0001666,M1,1,0,GO Biological Processes,19,response to hypoxia,19_GO:0050896 response to stimulus,-2.8609096108902436,3.758770761168843,4.069201805267501,21160,324,139,8,5.755395683453237,1.9754154264342294,11564|12177|16523|53417|56484|64602|74747|93759,Adsl|Bnip3l|Kcnj8|Hif3a|Foxo3|Ireb2|Ddit4|Sirt1,0.0,0,5,1,1,-2.8609096108902436,5.436793422404933,
1,-2.631584306399507,GO:0071456,M1,1,0,GO Biological Processes,19,cellular response to hypoxia,19_GO:0050896 response to stimulus,-2.631584306399507,5.436793422404933,4.282971196106322,21160,140,139,5,3.597122302158273,1.5794838911163331,12177|53417|56484|64602|93759,Bnip3l|Hif3a|Foxo3|Ireb2|Sirt1,0.0,0,5,0,0,-2.8609096108902436,5.436793422404933,
1,-2.5761751327450533,GO:0036293,M1,1,0,GO Biological Processes,19,response to decreased oxygen levels,19_GO:0050896 response to stimulus,-2.5761751327450533,3.3828936850519584,3.708109348204019,21160,360,139,8,5.755395683453237,1.9754154264342294,11564|12177|16523|53417|56484|64602|74747|93759,Adsl|Bnip3l|Kcnj8|Hif3a|Foxo3|Ireb2|Ddit4|Sirt1,0.0,0,5,0,0,-2.8609096108902436,5.436793422404933,
1,-2.272048363833296,GO:0036294,M1,1,0,GO Biological Processes,19,cellular response to decreased oxygen levels,19_GO:0050896 response to stimulus,-2.272048363833296,4.477359289039357,3.7016562841279557,21160,170,139,5,3.597122302158273,1.5794838911163331,12177|53417|56484|64602|93759,Bnip3l|Hif3a|Foxo3|Ireb2|Sirt1,0.0,0,5,0,0,-2.8609096108902436,5.436793422404933,
1,-2.1416140550037657,GO:0070482,M1,1,0,GO Biological Processes,19,response to oxygen levels,19_GO:0050896 response to stimulus,-2.1416140550037657,2.8587833958185564,3.1515218325732848,21160,426,139,8,5.755395683453237,1.9754154264342294,11564|12177|16523|53417|56484|64602|74747|93759,Adsl|Bnip3l|Kcnj8|Hif3a|Foxo3|Ireb2|Ddit4|Sirt1,0.0,0,5,0,0,-2.8609096108902436,5.436793422404933,
1,-2.0914636550245804,GO:0071453,M1,1,0,GO Biological Processes,19,cellular response to oxygen levels,19_GO:0050896 response to stimulus,-2.0914636550245804,4.048675952854738,3.4142753970717927,21160,188,139,5,3.597122302158273,1.5794838911163331,12177|53417|56484|64602|93759,Bnip3l|Hif3a|Foxo3|Ireb2|Sirt1,0.0,0,5,0,0,-2.8609096108902436,5.436793422404933,
1,-2.7837234751992463,R-MMU-72203,M1,1,0,Reactome Gene Sets,6,Processing of Capped Intron-Containing Pre-mRNA,,-2.7837234751992463,4.114330157495625,4.1007121402781985,21160,259,139,7,5.0359712230215825,1.8548713157929548,66420|66492|66810|72654|103468|227707|228410,Polr2e|Zmat2|Rbm22|Ccdc12|Nup107|BC005624|Cstf3,0.0,0,6,1,1,-2.7837234751992463,4.114330157495625,
1,-2.1200413542641154,R-MMU-72163,M1,1,0,Reactome Gene Sets,6,mRNA Splicing - Major Pathway,,-2.1200413542641154,4.114330157495625,3.4596153392042908,21160,185,139,5,3.597122302158273,1.5794838911163331,66420|66492|66810|72654|227707,Polr2e|Zmat2|Rbm22|Ccdc12|BC005624,0.0,0,6,0,0,-2.7837234751992463,4.114330157495625,
1,-2.063447934627909,R-MMU-72172,M1,1,0,Reactome Gene Sets,6,mRNA Splicing,,-2.063447934627909,3.9850841839617313,3.3698664550357167,21160,191,139,5,3.597122302158273,1.5794838911163331,66420|66492|66810|72654|227707,Polr2e|Zmat2|Rbm22|Ccdc12|BC005624,0.0,0,6,0,0,-2.7837234751992463,4.114330157495625,
1,-2.6342375501877067,GO:0007005,M1,1,0,GO Biological Processes,19,mitochondrion organization,19_GO:0009987 cellular process,-2.6342375501877067,3.156847793654477,3.6917722384368434,21160,434,139,9,6.474820143884892,2.0872320290552024,11977|12177|66092|66117|68197|68198|74580|224904|100040531,Atp7a|Bnip3l|Ghitm|Fmc1|Ndufc2|Ndufb2|Pyroxd2|Micos13|Dynlt1f,0.0,0,7,1,1,-2.6342375501877067,5.586429938617913,
1,-2.2346034894413114,GO:0007006,M1,1,0,GO Biological Processes,19,mitochondrial membrane organization,19_GO:0009987 cellular process,-2.2346034894413114,5.586429938617913,3.9037314213507415,21160,109,139,4,2.8776978417266186,1.4179949348581387,12177|66092|224904|100040531,Bnip3l|Ghitm|Micos13|Dynlt1f,0.0,0,7,0,0,-2.6342375501877067,5.586429938617913,
1,-2.1394145600082184,GO:0006839,M1,1,0,GO Biological Processes,19,mitochondrial transport,19_GO:0051179 localization,-2.1394145600082184,4.159295514408146,3.490377415942937,21160,183,139,5,3.597122302158273,1.5794838911163331,12177|66092|76137|226844|100040531,Bnip3l|Ghitm|Mcur1|Flvcr1|Dynlt1f,0.0,0,7,0,0,-2.6342375501877067,5.586429938617913,
1,-2.5843873098570804,R-MMU-8876198,M1,1,0,Reactome Gene Sets,6,RAB GEFs exchange GTP for GDP on RABs,,-2.5843873098570804,6.999090382866121,4.559425576804468,21160,87,139,4,2.8776978417266186,1.4179949348581387,56382|75964|80718|231874,Rab9|Trappc8|Rab27b|Ccz1,0.0,0,8,1,1,-2.5843873098570804,6.999090382866121,
1,-2.206933936676603,R-MMU-9007101,M1,1,0,Reactome Gene Sets,6,Rab regulation of trafficking,,-2.206933936676603,5.4857735433275,3.8531097891078807,21160,111,139,4,2.8776978417266186,1.4179949348581387,56382|75964|80718|231874,Rab9|Trappc8|Rab27b|Ccz1,0.0,0,8,0,0,-2.5843873098570804,6.999090382866121,
1,-2.5785688495262438,GO:0010811,M1,1,0,GO Biological Processes,19,positive regulation of cell-substrate adhesion,19_GO:0048518 positive regulation of biological process,-2.5785688495262438,5.285771382893685,4.1962707335993645,21160,144,139,5,3.597122302158273,1.5794838911163331,13731|20971|23991|94214|170758,Emp2|Sdc4|Cib1|Spock2|Rac3,0.0,0,9,1,1,-2.5785688495262438,7.135791366906474,
1,-2.333403965370252,GO:0010810,M1,1,0,GO Biological Processes,19,regulation of cell-substrate adhesion,19_GO:0050789 regulation of biological process,-2.333403965370252,3.8867289147405475,3.6185575444678935,21160,235,139,6,4.316546762589928,1.7237697110070636,13731|20971|23991|77569|94214|170758,Emp2|Sdc4|Cib1|Limch1|Spock2|Rac3,0.0,0,9,0,0,-2.5785688495262438,7.135791366906474,
1,-2.0640103695447554,GO:0070252,M1,1,0,GO Biological Processes,19,actin-mediated cell contraction,19_GO:0009987 cellular process,-2.0640103695447554,7.135791366906474,3.9975029778442606,21160,64,139,3,2.158273381294964,1.23255946531898,13731|16523|77569,Emp2|Kcnj8|Limch1,0.0,0,9,0,0,-2.5785688495262438,7.135791366906474,
1,-2.5527117997259836,GO:0006690,M1,1,0,GO Biological Processes,19,icosanoid metabolic process,19_GO:0009987 cellular process,-2.5527117997259836,5.213363555730758,4.154122332209074,21160,146,139,5,3.597122302158273,1.5794838911163331,13110|19215|23945|67103|224814,Cyp2j6|Ptgds|Mgll|Ptgr1|Abcc10,0.0,0,10,1,1,-2.5527117997259836,5.213363555730758,
1,-2.5485890493298804,GO:1903578,M1,1,0,GO Biological Processes,19,regulation of ATP metabolic process,19_GO:0050789 regulation of biological process,-2.5485890493298804,6.8418074529140736,4.490843818331067,21160,89,139,4,2.8776978417266186,1.4179949348581387,16337|16418|68197|74747,Insr|Eif6|Ndufc2|Ddit4,0.0,0,11,1,1,-2.5485890493298804,7.135791366906474,
1,-2.4630278206805047,GO:0006109,M1,1,0,GO Biological Processes,19,regulation of carbohydrate metabolic process,19_GO:0050789 regulation of biological process,-2.4630278206805047,4.132947036036329,3.807145761713841,21160,221,139,6,4.316546762589928,1.7237697110070636,13110|16337|16418|59090|74747|93759,Cyp2j6|Insr|Eif6|Midn|Ddit4|Sirt1,0.0,0,11,0,0,-2.5485890493298804,7.135791366906474,
1,-2.4059585457024086,mmu04150,M1,1,0,KEGG Pathway,24,mTOR signaling pathway - Mus musculus (house mouse),,-2.4059585457024086,4.817411893270194,3.9164764724425054,21160,158,139,5,3.597122302158273,1.5794838911163331,16337|20662|22413|74747|75425,Insr|Sos1|Wnt2|Ddit4|Tti1,0.0,0,11,0,0,-2.5485890493298804,7.135791366906474,
1,-2.3515167137383948,GO:1900542,M1,1,0,GO Biological Processes,19,regulation of purine nucleotide metabolic process,19_GO:0050789 regulation of biological process,-2.3515167137383948,6.028919438706461,4.119502553087363,21160,101,139,4,2.8776978417266186,1.4179949348581387,16337|16418|68197|74747,Insr|Eif6|Ndufc2|Ddit4,0.0,0,11,0,0,-2.5485890493298804,7.135791366906474,
1,-2.336324702808063,GO:0006140,M1,1,0,GO Biological Processes,19,regulation of nucleotide metabolic process,19_GO:0050789 regulation of biological process,-2.336324702808063,5.969812385385809,4.091285649513208,21160,102,139,4,2.8776978417266186,1.4179949348581387,16337|16418|68197|74747,Insr|Eif6|Ndufc2|Ddit4,0.0,0,11,0,0,-2.5485890493298804,7.135791366906474,
1,-2.2935552609799115,GO:0043467,M1,1,0,GO Biological Processes,19,regulation of generation of precursor metabolites and energy,19_GO:0050789 regulation of biological process,-2.2935552609799115,4.530661185337444,3.736044654737186,21160,168,139,5,3.597122302158273,1.5794838911163331,11977|15925|16337|16418|74747,Atp7a|Ide|Insr|Eif6|Ddit4,0.0,0,11,0,0,-2.5485890493298804,7.135791366906474,
1,-2.0640103695447554,GO:0006110,M1,1,0,GO Biological Processes,19,regulation of glycolytic process,19_GO:0050789 regulation of biological process,-2.0640103695447554,7.135791366906474,3.9975029778442606,21160,64,139,3,2.158273381294964,1.23255946531898,16337|16418|74747,Insr|Eif6|Ddit4,0.0,0,11,0,0,-2.5485890493298804,7.135791366906474,
1,-2.0640103695447554,GO:0030811,M1,1,0,GO Biological Processes,19,regulation of nucleotide catabolic process,19_GO:0050789 regulation of biological process,-2.0640103695447554,7.135791366906474,3.9975029778442606,21160,64,139,3,2.158273381294964,1.23255946531898,16337|16418|74747,Insr|Eif6|Ddit4,0.0,0,11,0,0,-2.5485890493298804,7.135791366906474,
1,-2.0640103695447554,GO:0033121,M1,1,0,GO Biological Processes,19,regulation of purine nucleotide catabolic process,19_GO:0050789 regulation of biological process,-2.0640103695447554,7.135791366906474,3.9975029778442606,21160,64,139,3,2.158273381294964,1.23255946531898,16337|16418|74747,Insr|Eif6|Ddit4,0.0,0,11,0,0,-2.5485890493298804,7.135791366906474,
1,-2.465428178580671,GO:0016358,M1,1,0,GO Biological Processes,19,dendrite development,19_GO:0032502 developmental process,-2.465428178580671,4.974843654488175,4.01247215778018,21160,153,139,5,3.597122302158273,1.5794838911163331,11977|17755|22157|242443|100040531,Atp7a|Map1b|Tulp1|Grin3a|Dynlt1f,0.0,0,12,1,1,-2.465428178580671,4.974843654488175,
1,-2.4127669181576064,GO:0006289,M1,1,0,GO Biological Processes,19,nucleotide-excision repair,19_GO:0050896 response to stimulus,-2.4127669181576064,9.514388489208633,4.802171604316829,21160,48,139,3,2.158273381294964,1.23255946531898,17846|93759|107986,Commd1|Sirt1|Ddb2,0.0,0,13,1,1,-2.4127669181576064,9.514388489208633,
1,-2.1820540369959667,mmu05213,M1,1,0,KEGG Pathway,24,Endometrial cancer - Mus musculus (house mouse),,-2.1820540369959667,7.873976680724385,4.262736868721372,21160,58,139,3,2.158273381294964,1.23255946531898,20662|56484|107986,Sos1|Foxo3|Ddb2,0.0,0,13,0,0,-2.4127669181576064,9.514388489208633,
1,-2.2486617710745422,WP539,M1,1,0,WikiPathways,27,Wnt signaling pathway,,-2.2486617710745422,5.638156141753264,3.9295140440700402,21160,108,139,4,2.8776978417266186,1.4179949348581387,17755|21423|22413|319478,Map1b|Tcf3|Wnt2|Cxxc4,0.0,0,14,1,1,-2.2486617710745422,5.638156141753264,
1,-2.2196063571122204,mmu04310,M1,1,0,KEGG Pathway,24,Wnt signaling pathway - Mus musculus (house mouse),,-2.2196063571122204,4.349434737923946,3.6179648322721683,21160,175,139,5,3.597122302158273,1.5794838911163331,21885|22413|93759|170758|319478,Tle1|Wnt2|Sirt1|Rac3|Cxxc4,0.0,0,14,0,0,-2.2486617710745422,5.638156141753264,
1,-2.232757378491454,GO:0001568,M1,1,0,GO Biological Processes,19,blood vessel development,19_GO:0032502 developmental process,-2.232757378491454,2.5671199970883327,3.1475483374948565,21160,593,139,10,7.194244604316546,2.1916573424032766,11977|16523|20662|22413|23967|23991|53417|93759|170823|226844,Atp7a|Kcnj8|Sos1|Wnt2|Osr1|Cib1|Hif3a|Sirt1|Glmn|Flvcr1,0.0,0,15,1,1,-2.232757378491454,7.026009961261759,
1,-2.045549371808159,GO:0002931,M1,1,0,GO Biological Processes,19,response to ischemia,19_GO:0050896 response to stimulus,-2.045549371808159,7.026009961261759,3.9566263779280177,21160,65,139,3,2.158273381294964,1.23255946531898,16523|20662|23991,Kcnj8|Sos1|Cib1,0.0,0,15,0,0,-2.232757378491454,7.026009961261759,
1,-2.042596755083947,GO:0001944,M1,1,0,GO Biological Processes,19,vasculature development,19_GO:0032502 developmental process,-2.042596755083947,2.4049007239705866,2.918186429069257,21160,633,139,10,7.194244604316546,2.1916573424032766,11977|16523|20662|22413|23967|23991|53417|93759|170823|226844,Atp7a|Kcnj8|Sos1|Wnt2|Osr1|Cib1|Hif3a|Sirt1|Glmn|Flvcr1,0.0,0,15,0,0,-2.232757378491454,7.026009961261759,
1,-2.229835188478054,GO:0045664,M1,1,0,GO Biological Processes,19,regulation of neuron differentiation,19_GO:0032502 developmental process,-2.229835188478054,3.6978999796114524,3.4681225555696873,21160,247,139,6,4.316546762589928,1.7237697110070636,17755|21423|27528|56392|56484|170758,Map1b|Tcf3|Nrep|Shoc2|Foxo3|Rac3,0.0,0,16,1,1,-2.229835188478054,3.6978999796114524,
1,-2.2244693668332727,R-MMU-917937,M1,1,0,Reactome Gene Sets,6,Iron uptake and transport,,-2.2244693668332727,8.1551901336074,4.35974498102007,21160,56,139,3,2.158273381294964,1.23255946531898,59049|64602|226844,Slc22a17|Ireb2|Flvcr1,0.0,0,17,1,1,-2.2244693668332727,8.1551901336074,
1,-2.205667707803271,R-MMU-109582,M1,1,0,Reactome Gene Sets,6,Hemostasis,,-2.205667707803271,2.7130137474179072,3.168270262234706,21160,505,139,9,6.474820143884892,2.0872320290552024,13660|14700|17133|20662|20971|22143|23945|66866|80718,Ehd1|Gng10|Maff|Sos1|Sdc4|Tuba1b|Mgll|Nhlrc2|Rab27b,0.0,0,18,1,1,-2.205667707803271,2.7130137474179072,
1,-2.2030541287860936,GO:1902305,M1,1,0,GO Biological Processes,19,regulation of sodium ion transmembrane transport,19_GO:0051179 localization,-2.2030541287860936,8.01211662249148,4.3106498022727955,21160,57,139,3,2.158273381294964,1.23255946531898,17846|23967|215748,Commd1|Osr1|Cnksr3,0.0,0,19,1,1,-2.2030541287860936,8.01211662249148,
1,-2.1787146502465986,GO:0072521,M1,1,0,GO Biological Processes,19,purine-containing compound metabolic process,19_GO:0009987 cellular process,-2.1787146502465986,2.6864155734236137,3.134858535066894,21160,510,139,9,6.474820143884892,2.0872320290552024,11564|11977|18103|19384|21351|66859|67528|68197|68198,Adsl|Atp7a|Nme2|Ran|Taldo1|Slc16a9|Nudt7|Ndufc2|Ndufb2,0.0,0,20,1,1,-2.1787146502465986,3.923459170807684,
1,-2.035976377292315,GO:0009205,M1,1,0,GO Biological Processes,19,purine ribonucleoside triphosphate metabolic process,19_GO:0009987 cellular process,-2.035976377292315,3.923459170807684,3.3263534192960345,21160,194,139,5,3.597122302158273,1.5794838911163331,11977|18103|19384|68197|68198,Atp7a|Nme2|Ran|Ndufc2|Ndufb2,0.0,0,20,0,0,-2.1787146502465986,3.923459170807684,
1,-2.1665068344242098,GO:0018205,M1,1,0,GO Biological Processes,19,peptidyl-lysine modification,19_GO:0009987 cellular process,-2.1665068344242098,5.341411081660987,3.779434615487371,21160,114,139,4,2.8776978417266186,1.4179949348581387,11977|66180|93759|170930,Atp7a|P3h4|Sirt1|Sumo2,0.0,0,21,1,1,-2.1665068344242098,5.341411081660987,
1,-2.0827991875407075,R-MMU-2995410,M1,1,0,Reactome Gene Sets,6,Nuclear Envelope (NE) Reassembly,,-2.0827991875407075,7.24905789653991,4.039268799551475,21160,63,139,3,2.158273381294964,1.23255946531898,19384|22143|103468,Ran|Tuba1b|Nup107,0.0,0,22,1,1,-2.0827991875407075,7.24905789653991,
