_MEMBER_MyList,_LogP_MyList,GO,_PATTERN_,_RANK_,GiniIndex,Category,CategoryID,Description,PARENT_GO,LogP,Enrichment,Z-score,#TotalGeneInLibrary,#GeneInGO,#GeneInHitList,#GeneInGOAndHitList,%InGO,STDV %InGO,GeneID,Hits,Log(q-value),EvidenceCutoff,GROUP_ID,FirstInGroupByEnrichment,FirstInGroupByLogP,BestLogPInGroup,BestEnrichmentInGroup,URL
1,-4.2505344552963615,GO:0045724,M1,1,0,GO Biological Processes,19,positive regulation of cilium assembly,19_GO:0048518 positive regulation of biological process,-4.2505344552963615,18.99887766554433,8.291439386752113,21160,33,135,4,2.962962962962963,1.4593685767441318,101565|219103|225523|234776,Ccp110|Cpap|Cep120|Atmin,-0.27917948244275914,0,1,1,1,-4.2505344552963615,18.99887766554433,
1,-2.7439507992970515,GO:1902017,M1,1,0,GO Biological Processes,19,regulation of cilium assembly,19_GO:0050789 regulation of biological process,-2.7439507992970515,7.740283493369913,4.8701475814940896,21160,81,135,4,2.962962962962963,1.4593685767441318,101565|219103|225523|234776,Ccp110|Cpap|Cep120|Atmin,0.0,0,1,0,0,-4.2505344552963615,18.99887766554433,
1,-2.5084269991262658,GO:1902117,M1,1,0,GO Biological Processes,19,positive regulation of organelle assembly,19_GO:0048518 positive regulation of biological process,-2.5084269991262658,6.669818754925138,4.414571084710366,21160,94,135,4,2.962962962962963,1.4593685767441318,101565|219103|225523|234776,Ccp110|Cpap|Cep120|Atmin,0.0,0,1,0,0,-4.2505344552963615,18.99887766554433,
1,-2.3512730144323855,GO:0031023,M1,1,0,GO Biological Processes,19,microtubule organizing center organization,19_GO:0009987 cellular process,-2.3512730144323855,6.028490028490028,4.11919904597974,21160,104,135,4,2.962962962962963,1.4593685767441318,70297|101565|219103|225523,Gcc2|Ccp110|Cpap|Cep120,0.0,0,1,0,0,-4.2505344552963615,18.99887766554433,
1,-2.273962668802949,GO:1902115,M1,1,0,GO Biological Processes,19,regulation of organelle assembly,19_GO:0050789 regulation of biological process,-2.273962668802949,3.776885319053994,3.531967252692191,21160,249,135,6,4.444444444444445,1.7736577773894293,14182|73205|101565|219103|225523|234776,Fgfr1|C9orf72|Ccp110|Cpap|Cep120|Atmin,0.0,0,1,0,0,-4.2505344552963615,18.99887766554433,
1,-2.108241731200038,GO:0120034,M1,1,0,GO Biological Processes,19,positive regulation of plasma membrane bounded cell projection assembly,19_GO:0048518 positive regulation of biological process,-2.108241731200038,5.139040680024286,3.67387043443491,21160,122,135,4,2.962962962962963,1.4593685767441318,101565|219103|225523|234776,Ccp110|Cpap|Cep120|Atmin,0.0,0,1,0,0,-4.2505344552963615,18.99887766554433,
1,-2.0066659948818057,GO:0044089,M1,1,0,GO Biological Processes,19,positive regulation of cellular component biogenesis,19_GO:0048518 positive regulation of biological process,-2.0066659948818057,2.519047619047619,2.9192967442992166,21160,560,135,9,6.666666666666667,2.146870629065102,20410|71436|99633|101565|110829|219103|225523|234776|239250,Sorbs3|Flrt3|Adgrl2|Ccp110|Lims1|Cpap|Cep120|Atmin|Slitrk6,0.0,0,1,0,0,-4.2505344552963615,18.99887766554433,
1,-4.2210882568083585,R-MMU-2262752,M1,1,0,Reactome Gene Sets,6,Cellular responses to stress,,-4.2210882568083585,3.9185185185185185,5.182678347965865,21160,480,135,12,8.88888888888889,2.449303065212295,13666|13875|14950|15516|17684|19744|20655|22143|70247|77891|112406|333182,Eif2ak3|Erf|H13|Hsp90ab1|Cited2|Rheb|Sod1|Tuba1b|Psmd1|Ube2s|Egln2|Cox6b2,-0.27917948244275914,0,2,1,1,-4.2210882568083585,4.593135259801926,
1,-3.7189405869928573,R-MMU-8953897,M1,1,0,Reactome Gene Sets,6,Cellular responses to stimuli,,-3.7189405869928573,3.4638837732760384,4.660728963039718,21160,543,135,12,8.88888888888889,2.449303065212295,13666|13875|14950|15516|17684|19744|20655|22143|70247|77891|112406|333182,Eif2ak3|Erf|H13|Hsp90ab1|Cited2|Rheb|Sod1|Tuba1b|Psmd1|Ube2s|Egln2|Cox6b2,-0.07806180829123906,0,2,0,0,-4.2210882568083585,4.593135259801926,
1,-3.427185633637719,mmu05020,M1,1,0,KEGG Pathway,24,Prion disease - Mus musculus (house mouse),,-3.427185633637719,4.593135259801926,4.788101051783447,21160,273,135,8,5.925925925925926,2.0321052657792213,12859|13666|16440|18709|20655|22143|70247|333182,Cox5b|Eif2ak3|Itpr3|Pik3r2|Sod1|Tuba1b|Psmd1|Cox6b2,-0.029344903622395092,0,2,0,0,-4.2210882568083585,4.593135259801926,
1,-2.7176157794329554,mmu05012,M1,1,0,KEGG Pathway,24,Parkinson disease - Mus musculus (house mouse),,-2.7176157794329554,4.004325493376588,4.010893023950725,21160,274,135,7,5.185185185185185,1.9083294480578685,12859|13666|16440|20655|22143|70247|333182,Cox5b|Eif2ak3|Itpr3|Sod1|Tuba1b|Psmd1|Cox6b2,0.0,0,2,0,0,-4.2210882568083585,4.593135259801926,
1,-2.546202816712184,mmu05014,M1,1,0,KEGG Pathway,24,Amyotrophic lateral sclerosis - Mus musculus (house mouse),,-2.546202816712184,3.3438024691358024,3.669510022126103,21160,375,135,8,5.925925925925926,2.0321052657792213,12859|13666|16440|20655|22143|70247|73205|333182,Cox5b|Eif2ak3|Itpr3|Sod1|Tuba1b|Psmd1|C9orf72|Cox6b2,0.0,0,2,0,0,-4.2210882568083585,4.593135259801926,
1,-4.000754567460388,mmu04140,M1,1,0,KEGG Pathway,24,Autophagy - animal - Mus musculus (house mouse),,-4.000754567460388,6.569971168773564,5.790557535642133,21160,167,135,7,5.185185185185185,1.9083294480578685,13033|13666|18709|19053|19744|73205|77040,Ctsd|Eif2ak3|Pik3r2|Ppp2cb|Rheb|C9orf72|Atg16l1,-0.2349370521504695,0,3,1,1,-4.000754567460388,6.569971168773564,
1,-2.770194127593049,mmu04210,M1,1,0,KEGG Pathway,24,Apoptosis - Mus musculus (house mouse),,-2.770194127593049,5.848535102266445,4.511604951108415,21160,134,135,5,3.7037037037037037,1.625384169393539,13033|13666|16440|18709|22143,Ctsd|Eif2ak3|Itpr3|Pik3r2|Tuba1b,0.0,0,3,0,0,-4.000754567460388,6.569971168773564,
1,-2.770194127593049,mmu04915,M1,1,0,KEGG Pathway,24,Estrogen signaling pathway - Mus musculus (house mouse),,-2.770194127593049,5.848535102266445,4.511604951108415,21160,134,135,5,3.7037037037037037,1.625384169393539,11513|13033|15516|16440|18709,Adcy7|Ctsd|Hsp90ab1|Itpr3|Pik3r2,0.0,0,3,0,0,-4.000754567460388,6.569971168773564,
1,-2.366188429164796,GO:1900182,M1,1,0,GO Biological Processes,19,positive regulation of protein localization to nucleus,19_GO:0051179 localization,-2.366188429164796,6.087019057892844,4.146963183566296,21160,103,135,4,2.962962962962963,1.4593685767441318,13666|15516|18709|83396,Eif2ak3|Hsp90ab1|Pik3r2|Glis2,0.0,0,3,0,0,-4.000754567460388,6.569971168773564,
1,-3.4842974117039547,GO:0010498,M1,1,0,GO Biological Processes,19,proteasomal protein catabolic process,19_GO:0009987 cellular process,-3.4842974117039547,3.4972579069942156,4.495671690426685,21160,493,135,11,8.148148148148149,2.3545424916462516,13666|14950|19053|22644|28199|66967|70247|75770|77891|83814|117198,Eif2ak3|H13|Ppp2cb|Rnf103|Dcaf11|Edem3|Psmd1|Brsk2|Ube2s|Nedd4l|Ivns1abp,-0.029344903622395092,0,4,1,1,-3.4842974117039547,8.249512670565302,
1,-3.444926426134391,GO:0036503,M1,1,0,GO Biological Processes,19,ERAD pathway,19_GO:0050896 response to stimulus,-3.444926426134391,8.249512670565302,5.67461413421472,21160,95,135,5,3.7037037037037037,1.625384169393539,13666|14950|22644|66967|75770,Eif2ak3|H13|Rnf103|Edem3|Brsk2,-0.029344903622395092,0,4,0,0,-3.4842974117039547,8.249512670565302,
1,-3.180183193114787,GO:0051603,M1,1,0,GO Biological Processes,19,proteolysis involved in protein catabolic process,19_GO:0009987 cellular process,-3.180183193114787,2.8538230106857556,4.037938010925576,21160,714,135,13,9.62962962962963,2.538931236445939,13666|14950|19053|22129|22644|28199|66515|66967|70247|75770|77891|83814|117198,Eif2ak3|H13|Ppp2cb|Ttc3|Rnf103|Dcaf11|Cul7|Edem3|Psmd1|Brsk2|Ube2s|Nedd4l|Ivns1abp,-0.01642566913283102,0,4,0,0,-3.4842974117039547,8.249512670565302,
1,-3.02688455426747,GO:0034976,M1,1,0,GO Biological Processes,19,response to endoplasmic reticulum stress,19_GO:0050896 response to stimulus,-3.02688455426747,4.533823079277625,4.430358371762806,21160,242,135,7,5.185185185185185,1.9083294480578685,13666|14950|18709|19053|22644|66967|75770,Eif2ak3|H13|Pik3r2|Ppp2cb|Rnf103|Edem3|Brsk2,0.0,0,4,0,0,-3.4842974117039547,8.249512670565302,
1,-3.2563515472023914,R-MMU-69275,M1,1,0,Reactome Gene Sets,6,G2/M Transition,,-3.2563515472023914,5.914744933612858,4.9845506069290355,21160,159,135,6,4.444444444444445,1.7736577773894293,15516|19053|22143|70247|101565|219103,Hsp90ab1|Ppp2cb|Tuba1b|Psmd1|Ccp110|Cpap,-0.02538217822957745,0,5,1,1,-3.2563515472023914,7.70856102003643,
1,-3.227755173952413,R-MMU-453274,M1,1,0,Reactome Gene Sets,6,Mitotic G2-G2/M phases,,-3.227755173952413,5.841269841269841,4.941051408008714,21160,161,135,6,4.444444444444445,1.7736577773894293,15516|19053|22143|70247|101565|219103,Hsp90ab1|Ppp2cb|Tuba1b|Psmd1|Ccp110|Cpap,-0.02538217822957745,0,5,0,0,-3.2563515472023914,7.70856102003643,
1,-2.8783084809048813,R-MMU-69278,M1,1,0,Reactome Gene Sets,6,"Cell Cycle, Mitotic",,-2.8783084809048813,3.160095579450418,3.900794405746749,21160,496,135,10,7.407407407407407,2.254002294259943,12444|15516|19053|19387|22143|70247|77891|101565|219103|231506,Ccnd2|Hsp90ab1|Ppp2cb|Rangap1|Tuba1b|Psmd1|Ube2s|Ccp110|Cpap|Lin54,0.0,0,5,0,0,-3.2563515472023914,7.70856102003643,
1,-2.3776170806120374,R-MMU-1640170,M1,1,0,Reactome Gene Sets,6,Cell Cycle,,-2.3776170806120374,2.6931398752704596,3.3189384626757583,21160,582,135,10,7.407407407407407,2.254002294259943,12444|15516|19053|19387|22143|70247|77891|101565|219103|231506,Ccnd2|Hsp90ab1|Ppp2cb|Rangap1|Tuba1b|Psmd1|Ube2s|Ccp110|Cpap|Lin54,0.0,0,5,0,0,-3.2563515472023914,7.70856102003643,
1,-2.357893620647352,R-MMU-2467813,M1,1,0,Reactome Gene Sets,6,Separation of Sister Chromatids,,-2.357893620647352,4.6928365491239745,3.8390831585099403,21160,167,135,5,3.7037037037037037,1.625384169393539,19053|19387|22143|70247|77891,Ppp2cb|Rangap1|Tuba1b|Psmd1|Ube2s,0.0,0,5,0,0,-3.2563515472023914,7.70856102003643,
1,-2.171313043789431,R-MMU-453279,M1,1,0,Reactome Gene Sets,6,Mitotic G1 phase and G1/S transition,,-2.171313043789431,5.358657803102247,3.78824735437995,21160,117,135,4,2.962962962962963,1.4593685767441318,12444|19053|70247|231506,Ccnd2|Ppp2cb|Psmd1|Lin54,0.0,0,5,0,0,-3.2563515472023914,7.70856102003643,
1,-2.1626814392506084,R-MMU-68877,M1,1,0,Reactome Gene Sets,6,Mitotic Prometaphase,,-2.1626814392506084,4.213460772600557,3.5272423020533523,21160,186,135,5,3.7037037037037037,1.625384169393539,19053|19387|22143|101565|219103,Ppp2cb|Rangap1|Tuba1b|Ccp110|Cpap,0.0,0,5,0,0,-3.2563515472023914,7.70856102003643,
1,-2.1562027270947053,R-MMU-8852276,M1,1,0,Reactome Gene Sets,6,The role of GTSE1 in G2/M progression after G2 checkpoint,,-2.1562027270947053,7.70856102003643,4.204455953805026,21160,61,135,3,2.2222222222222223,1.2686649460410002,15516|22143|70247,Hsp90ab1|Tuba1b|Psmd1,0.0,0,5,0,0,-3.2563515472023914,7.70856102003643,
1,-2.016446510427889,R-MMU-68882,M1,1,0,Reactome Gene Sets,6,Mitotic Anaphase,,-2.016446510427889,3.8797213054638795,3.2953206322618787,21160,202,135,5,3.7037037037037037,1.625384169393539,19053|19387|22143|70247|77891,Ppp2cb|Rangap1|Tuba1b|Psmd1|Ube2s,0.0,0,5,0,0,-3.2563515472023914,7.70856102003643,
1,-2.007790157846482,R-MMU-2555396,M1,1,0,Reactome Gene Sets,6,Mitotic Metaphase and Anaphase,,-2.007790157846482,3.860609377850757,3.2816213732159265,21160,203,135,5,3.7037037037037037,1.625384169393539,19053|19387|22143|70247|77891,Ppp2cb|Rangap1|Tuba1b|Psmd1|Ube2s,0.0,0,5,0,0,-3.2563515472023914,7.70856102003643,
1,-3.2321803443810198,GO:0042491,M1,1,0,GO Biological Processes,19,inner ear auditory receptor cell differentiation,19_GO:0032502 developmental process,-3.2321803443810198,10.449382716049382,5.873328444343309,21160,60,135,4,2.962962962962963,1.4593685767441318,14182|16449|20655|239250,Fgfr1|Jag1|Sod1|Slitrk6,-0.02538217822957745,0,6,1,1,-3.2321803443810198,12.374269005847953,
1,-3.0265181112141697,GO:0035315,M1,1,0,GO Biological Processes,19,hair cell differentiation,19_GO:0032502 developmental process,-3.0265181112141697,9.22004357298475,5.440216032322916,21160,68,135,4,2.962962962962963,1.4593685767441318,14182|16449|20655|239250,Fgfr1|Jag1|Sod1|Slitrk6,0.0,0,6,0,0,-3.2321803443810198,12.374269005847953,
1,-2.7400123846102464,GO:0060117,M1,1,0,GO Biological Processes,19,auditory receptor cell development,19_GO:0032502 developmental process,-2.7400123846102464,12.374269005847953,5.623338484910089,21160,38,135,3,2.2222222222222223,1.2686649460410002,14182|20655|239250,Fgfr1|Sod1|Slitrk6,0.0,0,6,0,0,-3.2321803443810198,12.374269005847953,
1,-2.5767416786198294,GO:0060113,M1,1,0,GO Biological Processes,19,inner ear receptor cell differentiation,19_GO:0032502 developmental process,-2.5767416786198294,6.966255144032922,4.545035293878157,21160,90,135,4,2.962962962962963,1.4593685767441318,14182|16449|20655|239250,Fgfr1|Jag1|Sod1|Slitrk6,0.0,0,6,0,0,-3.2321803443810198,12.374269005847953,
1,-2.4433586304294406,GO:0042490,M1,1,0,GO Biological Processes,19,mechanoreceptor differentiation,19_GO:0032502 developmental process,-2.4433586304294406,6.397581254724112,4.291497598304823,21160,98,135,4,2.962962962962963,1.4593685767441318,14182|16449|20655|239250,Fgfr1|Jag1|Sod1|Slitrk6,0.0,0,6,0,0,-3.2321803443810198,12.374269005847953,
1,-2.3901383023465934,GO:0048638,M1,1,0,GO Biological Processes,19,regulation of developmental growth,19_GO:0040007 growth,-2.3901383023465934,3.150567653080216,3.47061550947901,21160,398,135,8,5.925925925925926,2.0321052657792213,12444|14182|14567|16202|17684|20655|22129|83814,Ccnd2|Fgfr1|Gdi1|Ilk|Cited2|Sod1|Ttc3|Nedd4l,0.0,0,6,0,0,-3.2321803443810198,12.374269005847953,
1,-2.326640454259066,GO:0060043,M1,1,0,GO Biological Processes,19,regulation of cardiac muscle cell proliferation,19_GO:0040007 growth,-2.326640454259066,8.872117400419288,4.597933579985402,21160,53,135,3,2.2222222222222223,1.2686649460410002,12444|14182|17684,Ccnd2|Fgfr1|Cited2,0.0,0,6,0,0,-3.2321803443810198,12.374269005847953,
1,-2.218051626848161,GO:0090596,M1,1,0,GO Biological Processes,19,sensory organ morphogenesis,19_GO:0032502 developmental process,-2.218051626848161,3.2461100153407845,3.335604912122962,21160,338,135,7,5.185185185185185,1.9083294480578685,14182|16449|17684|19126|20655|110380|239250,Fgfr1|Jag1|Cited2|Prom1|Sod1|Shroom2|Slitrk6,0.0,0,6,0,0,-3.2321803443810198,12.374269005847953,
1,-2.1723358547619647,GO:0048762,M1,1,0,GO Biological Processes,19,mesenchymal cell differentiation,19_GO:0032502 developmental process,-2.1723358547619647,4.236236236236236,3.5425953409482944,21160,185,135,5,3.7037037037037037,1.625384169393539,13207|14182|16449|17684|66515,Ddx5|Fgfr1|Jag1|Cited2|Cul7,0.0,0,6,0,0,-3.2321803443810198,12.374269005847953,
1,-3.226928263100933,WP3855,M1,1,0,WikiPathways,27,Dysregulated miRNA targeting in insulin PI3K AKT signaling,,-3.226928263100933,18.085470085470085,6.985044964271407,21160,26,135,3,2.2222222222222223,1.2686649460410002,12444|14252|19744,Ccnd2|Flot2|Rheb,-0.02538217822957745,0,7,1,1,-3.226928263100933,18.085470085470085,
1,-2.2016891970808503,mmu04218,M1,1,0,KEGG Pathway,24,Cellular senescence - Mus musculus (house mouse),,-2.2016891970808503,4.3060643060643065,3.589313575220122,21160,182,135,5,3.7037037037037037,1.625384169393539,12444|16440|18709|19744|231506,Ccnd2|Itpr3|Pik3r2|Rheb|Lin54,0.0,0,7,0,0,-3.226928263100933,18.085470085470085,
1,-2.881084288042038,GO:0022011,M1,1,0,GO Biological Processes,19,myelination in peripheral nervous system,19_GO:0032502 developmental process,-2.881084288042038,13.830065359477125,5.999376821420563,21160,34,135,3,2.2222222222222223,1.2686649460410002,16202|19153|20655,Ilk|Prx|Sod1,0.0,0,8,1,1,-2.881084288042038,13.830065359477125,
1,-2.881084288042038,GO:0032292,M1,1,0,GO Biological Processes,19,peripheral nervous system axon ensheathment,19_GO:0032502 developmental process,-2.881084288042038,13.830065359477125,5.999376821420563,21160,34,135,3,2.2222222222222223,1.2686649460410002,16202|19153|20655,Ilk|Prx|Sod1,0.0,0,8,0,0,-2.881084288042038,13.830065359477125,
1,-2.7050342204402744,GO:0007422,M1,1,0,GO Biological Processes,19,peripheral nervous system development,19_GO:0032502 developmental process,-2.7050342204402744,7.553770638107987,4.793716408806523,21160,83,135,4,2.962962962962963,1.4593685767441318,16202|17684|19153|20655,Ilk|Cited2|Prx|Sod1,0.0,0,8,0,0,-2.881084288042038,13.830065359477125,
1,-2.4483446073276443,GO:0014044,M1,1,0,GO Biological Processes,19,Schwann cell development,19_GO:0032502 developmental process,-2.4483446073276443,9.796296296296296,4.888799554977193,21160,48,135,3,2.2222222222222223,1.2686649460410002,16202|19153|20655,Ilk|Prx|Sod1,0.0,0,8,0,0,-2.881084288042038,13.830065359477125,
1,-2.326640454259066,GO:0014037,M1,1,0,GO Biological Processes,19,Schwann cell differentiation,19_GO:0032502 developmental process,-2.326640454259066,8.872117400419288,4.597933579985402,21160,53,135,3,2.2222222222222223,1.2686649460410002,16202|19153|20655,Ilk|Prx|Sod1,0.0,0,8,0,0,-2.881084288042038,13.830065359477125,
1,-2.6564383861787717,GO:0043087,M1,1,0,GO Biological Processes,19,regulation of GTPase activity,19_GO:0065007 biological regulation,-2.6564383861787717,4.521367521367521,4.08956137507355,21160,208,135,6,4.444444444444445,1.7736577773894293,19387|20655|73205|110829|213649|227800,Rangap1|Sod1|C9orf72|Lims1|Arhgef19|Rabgap1,0.0,0,9,1,1,-2.6564383861787717,7.018242122719735,
1,-2.184131956705036,GO:0051336,M1,1,0,GO Biological Processes,19,regulation of hydrolase activity,19_GO:0065007 biological regulation,-2.184131956705036,2.52400548696845,3.0887953481588326,21160,621,135,10,7.407407407407407,2.254002294259943,13033|13666|19387|20655|67770|73205|110829|170574|213649|227800,Ctsd|Eif2ak3|Rangap1|Sod1|Caap1|C9orf72|Lims1|Sp7|Arhgef19|Rabgap1,0.0,0,9,0,0,-2.6564383861787717,7.018242122719735,
1,-2.132887295362385,GO:0043085,M1,1,0,GO Biological Processes,19,positive regulation of catalytic activity,19_GO:0065007 biological regulation,-2.132887295362385,2.35218028396746,2.9855939595235617,21160,733,135,11,8.148148148148149,2.3545424916462516,11513|12444|13033|13666|14182|19387|20655|73205|77891|110829|213649,Adcy7|Ccnd2|Ctsd|Eif2ak3|Fgfr1|Rangap1|Sod1|C9orf72|Ube2s|Lims1|Arhgef19,0.0,0,9,0,0,-2.6564383861787717,7.018242122719735,
1,-2.0440127116107853,GO:0048678,M1,1,0,GO Biological Processes,19,response to axon injury,19_GO:0050896 response to stimulus,-2.0440127116107853,7.018242122719735,3.9535235706620147,21160,67,135,3,2.2222222222222223,1.2686649460410002,19387|20655|71436,Rangap1|Sod1|Flrt3,0.0,0,9,0,0,-2.6564383861787717,7.018242122719735,
1,-2.4717927595973657,GO:0002244,M1,1,0,GO Biological Processes,19,hematopoietic progenitor cell differentiation,19_GO:0032502 developmental process,-2.4717927595973657,4.99174333569238,4.022705323373997,21160,157,135,5,3.7037037037037037,1.625384169393539,17684|66614|72135|74775|170574,Cited2|Gpatch4|Pygo1|Lmbr1l|Sp7,0.0,0,10,1,1,-2.4717927595973657,4.99174333569238,
1,-2.459137038065481,R-MMU-9006925,M1,1,0,Reactome Gene Sets,6,Intracellular signaling by second messengers,,-2.459137038065481,4.124756335282651,3.8012345589634813,21160,228,135,6,4.444444444444445,1.7736577773894293,11513|14182|18709|19053|19744|70247,Adcy7|Fgfr1|Pik3r2|Ppp2cb|Rheb|Psmd1,0.0,0,11,1,1,-2.459137038065481,9.796296296296296,
1,-2.4483446073276443,R-MMU-5654736,M1,1,0,Reactome Gene Sets,6,Signaling by FGFR1,,-2.4483446073276443,9.796296296296296,4.888799554977193,21160,48,135,3,2.2222222222222223,1.2686649460410002,14182|19053|71436,Fgfr1|Ppp2cb|Flrt3,0.0,0,11,0,0,-2.459137038065481,9.796296296296296,
1,-2.368391716704516,mmu04714,M1,1,0,KEGG Pathway,24,Thermogenesis - Mus musculus (house mouse),,-2.368391716704516,3.951447245564893,3.6691744101167374,21160,238,135,6,4.444444444444445,1.7736577773894293,11513|12859|14182|19744|20588|333182,Adcy7|Cox5b|Fgfr1|Rheb|Smarcc1|Cox6b2,0.0,0,11,0,0,-2.459137038065481,9.796296296296296,
1,-2.459137038065481,mmu05207,M1,1,0,KEGG Pathway,24,Chemical carcinogenesis - receptor activation - Mus musculus (house mouse),,-2.459137038065481,4.124756335282651,3.8012345589634813,21160,228,135,6,4.444444444444445,1.7736577773894293,11513|14873|15516|16449|18709|20182,Adcy7|Gsto1|Hsp90ab1|Jag1|Pik3r2|Rxrb,0.0,0,12,1,1,-2.459137038065481,7.70856102003643,
1,-2.184308061438386,mmu04928,M1,1,0,KEGG Pathway,24,"Parathyroid hormone synthesis, secretion and action - Mus musculus (house mouse)",,-2.184308061438386,5.40485312899106,3.8119108193744795,21160,116,135,4,2.962962962962963,1.4593685767441318,11513|14182|16440|20182,Adcy7|Fgfr1|Itpr3|Rxrb,0.0,0,12,0,0,-2.459137038065481,7.70856102003643,
1,-2.1562027270947053,mmu04213,M1,1,0,KEGG Pathway,24,Longevity regulating pathway - multiple species - Mus musculus (house mouse),,-2.1562027270947053,7.70856102003643,4.204455953805026,21160,61,135,3,2.2222222222222223,1.2686649460410002,11513|18709|20655,Adcy7|Pik3r2|Sod1,0.0,0,12,0,0,-2.459137038065481,7.70856102003643,
1,-2.06438263708232,mmu05200,M1,1,0,KEGG Pathway,24,Pathways in cancer - Mus musculus (house mouse),,-2.06438263708232,2.5742092457420926,2.9918452229939443,21160,548,135,9,6.666666666666667,2.146870629065102,11513|12444|14182|14873|15516|16449|18709|20182|112406,Adcy7|Ccnd2|Fgfr1|Gsto1|Hsp90ab1|Jag1|Pik3r2|Rxrb|Egln2,0.0,0,12,0,0,-2.459137038065481,7.70856102003643,
1,-2.4546724594505656,R-MMU-212436,M1,1,0,Reactome Gene Sets,6,Generic Transcription Pathway,,-2.4546724594505656,2.471601693677909,3.3130242876766522,21160,761,135,12,8.88888888888889,2.449303065212295,12444|17684|19053|19744|20182|20588|70247|212276|219022|219103|272347|333182,Ccnd2|Cited2|Ppp2cb|Rheb|Rxrb|Smarcc1|Psmd1|Zfp748|Ttc5|Cpap|Zfp398|Cox6b2,0.0,0,13,1,1,-2.4546724594505656,2.471601693677909,
1,-2.4483446073276443,mmu00565,M1,1,0,KEGG Pathway,24,Ether lipid metabolism - Mus musculus (house mouse),,-2.4483446073276443,9.796296296296296,4.888799554977193,21160,48,135,3,2.2222222222222223,1.2686649460410002,50784|66569|210992,Plpp2|Gdpd1|Lpcat1,0.0,0,14,1,1,-2.4483446073276443,9.796296296296296,
1,-2.211249757261631,GO:0006644,M1,1,0,GO Biological Processes,19,phospholipid metabolic process,19_GO:0009987 cellular process,-2.211249757261631,3.2365344695728178,3.326374205476803,21160,339,135,7,5.185185185185185,1.9083294480578685,50784|66569|67556|74411|97212|114874|210992,Plpp2|Gdpd1|Pigm|Plpp6|Hadha|Ddhd1|Lpcat1,0.0,0,14,0,0,-2.4483446073276443,9.796296296296296,
1,-2.4230168844559996,GO:0050807,M1,1,0,GO Biological Processes,19,regulation of synapse organization,19_GO:0050789 regulation of biological process,-2.4230168844559996,3.1906512110074448,3.5126031060021954,21160,393,135,8,5.925925925925926,2.0321052657792213,14182|16443|19744|71436|83814|99633|140580|239250,Fgfr1|Itsn1|Rheb|Flrt3|Nedd4l|Adgrl2|Elmo1|Slitrk6,0.0,0,15,1,1,-2.4230168844559996,3.5279266404668337,
1,-2.4124385267120423,GO:1901888,M1,1,0,GO Biological Processes,19,regulation of cell junction assembly,19_GO:0050789 regulation of biological process,-2.4124385267120423,3.5279266404668337,3.5987236490413457,21160,311,135,7,5.185185185185185,1.9083294480578685,14182|71436|83814|99633|110829|140580|239250,Fgfr1|Flrt3|Nedd4l|Adgrl2|Lims1|Elmo1|Slitrk6,0.0,0,15,0,0,-2.4230168844559996,3.5279266404668337,
1,-2.3828261603389076,GO:0051960,M1,1,0,GO Biological Processes,19,regulation of nervous system development,19_GO:0032502 developmental process,-2.3828261603389076,2.69777522789571,3.325083657689273,21160,581,135,10,7.407407407407407,2.254002294259943,13666|14567|16202|19744|20182|22129|66515|71436|99633|239250,Eif2ak3|Gdi1|Ilk|Rheb|Rxrb|Ttc3|Cul7|Flrt3|Adgrl2|Slitrk6,0.0,0,15,0,0,-2.4230168844559996,3.5279266404668337,
1,-2.370678362654487,GO:0050803,M1,1,0,GO Biological Processes,19,regulation of synapse structure or activity,19_GO:0065007 biological regulation,-2.370678362654487,3.126997321511037,3.4457389028193495,21160,401,135,8,5.925925925925926,2.0321052657792213,14182|16443|19744|71436|83814|99633|140580|239250,Fgfr1|Itsn1|Rheb|Flrt3|Nedd4l|Adgrl2|Elmo1|Slitrk6,0.0,0,15,0,0,-2.4230168844559996,3.5279266404668337,
1,-2.4229172188974126,GO:0061005,M1,1,0,GO Biological Processes,19,cell differentiation involved in kidney development,19_GO:0032502 developmental process,-2.4229172188974126,9.596371882086167,4.82731104677304,21160,49,135,3,2.2222222222222223,1.2686649460410002,16449|19126|83396,Jag1|Prom1|Glis2,0.0,0,16,1,1,-2.4229172188974126,9.596371882086167,
1,-2.117479183725305,GO:0001895,M1,1,0,GO Biological Processes,19,retina homeostasis,19_GO:0042592 homeostatic process,-2.117479183725305,7.4638447971781305,4.117155733029418,21160,63,135,3,2.2222222222222223,1.2686649460410002,19126|20655|77593,Prom1|Sod1|Usp45,0.0,0,16,0,0,-2.4229172188974126,9.596371882086167,
1,-2.3379378237278674,GO:1903311,M1,1,0,GO Biological Processes,19,regulation of mRNA metabolic process,19_GO:0050789 regulation of biological process,-2.3379378237278674,3.418022383754471,3.498008391556179,21160,321,135,7,5.185185185185185,1.9083294480578685,13207|18458|21379|21841|66660|219022|224902,Ddx5|Pabpc1|Tbrg4|Tia1|Sltm|Ttc5|Safb2,0.0,0,17,1,1,-2.3379378237278674,3.418022383754471,
1,-2.045990410392717,WP310,M1,1,0,WikiPathways,27,mRNA processing,,-2.045990410392717,2.7498375568551006,3.026909780933887,21160,456,135,8,5.925925925925926,2.0321052657792213,12747|13207|18458|21841|66660|67434|224902|241490,Clk1|Ddx5|Pabpc1|Tia1|Sltm|Ankrd33b|Safb2|Rbm45,0.0,0,17,0,0,-2.3379378237278674,3.418022383754471,
1,-2.291006740546755,GO:0097435,M1,1,0,GO Biological Processes,19,supramolecular fiber organization,19_GO:0009987 cellular process,-2.291006740546755,2.6167068571075247,3.216392392843904,21160,599,135,10,7.407407407407407,2.254002294259943,15516|16202|66938|102866|110380|140580|218271|219103|225523|320878,Hsp90ab1|Ilk|Sh3d21|Pls3|Shroom2|Elmo1|B4galt7|Cpap|Cep120|Mical2,0.0,0,18,1,1,-2.291006740546755,2.6167068571075247,
1,-2.281472644086215,R-MMU-1234174,M1,1,0,Reactome Gene Sets,6,Cellular response to hypoxia,,-2.281472644086215,8.54949494949495,4.492137247454315,21160,55,135,3,2.2222222222222223,1.2686649460410002,17684|70247|112406,Cited2|Psmd1|Egln2,0.0,0,19,1,1,-2.281472644086215,8.54949494949495,
1,-2.224095284875098,GO:0018105,M1,1,0,GO Biological Processes,19,peptidyl-serine phosphorylation,19_GO:0009987 cellular process,-2.224095284875098,5.548344804981973,3.8845789562535447,21160,113,135,4,2.962962962962963,1.4593685767441318,12747|13666|16202|75770,Clk1|Eif2ak3|Ilk|Brsk2,0.0,0,20,1,1,-2.224095284875098,5.548344804981973,
1,-2.071846649196739,GO:0018209,M1,1,0,GO Biological Processes,19,peptidyl-serine modification,19_GO:0009987 cellular process,-2.071846649196739,5.0157037037037036,3.608210456753551,21160,125,135,4,2.962962962962963,1.4593685767441318,12747|13666|16202|75770,Clk1|Eif2ak3|Ilk|Brsk2,0.0,0,20,0,0,-2.224095284875098,5.548344804981973,
1,-2.145710279889849,GO:0042542,M1,1,0,GO Biological Processes,19,response to hydrogen peroxide,19_GO:0050896 response to stimulus,-2.145710279889849,5.268596327419856,3.7417246946363787,21160,119,135,4,2.962962962962963,1.4593685767441318,16598|19053|20655|56338,Klf2|Ppp2cb|Sod1|Txnip,0.0,0,21,1,1,-2.145710279889849,5.268596327419856,
1,-2.0516171456139594,GO:0001890,M1,1,0,GO Biological Processes,19,placenta development,19_GO:0032502 developmental process,-2.0516171456139594,3.958099513655069,3.351008026981026,21160,198,135,5,3.7037037037037037,1.625384169393539,13875|15516|17684|20182|66515,Erf|Hsp90ab1|Cited2|Rxrb|Cul7,0.0,0,22,1,1,-2.0516171456139594,3.958099513655069,
1,-2.020922949002789,GO:0051493,M1,1,0,GO Biological Processes,19,regulation of cytoskeleton organization,19_GO:0050789 regulation of biological process,-2.020922949002789,2.532615200478755,2.937256991303006,21160,557,135,9,6.666666666666667,2.146870629065102,16202|18709|20410|73205|110380|213556|213649|219103|225523,Ilk|Pik3r2|Sorbs3|C9orf72|Shroom2|Plekhh2|Arhgef19|Cpap|Cep120,0.0,0,23,1,1,-2.020922949002789,2.957372466806429,
1,-2.006893849601532,GO:0032956,M1,1,0,GO Biological Processes,19,regulation of actin cytoskeleton organization,19_GO:0050789 regulation of biological process,-2.006893849601532,2.957372466806429,3.047825382327277,21160,371,135,7,5.185185185185185,1.9083294480578685,16202|18709|20410|73205|110380|213556|213649,Ilk|Pik3r2|Sorbs3|C9orf72|Shroom2|Plekhh2|Arhgef19,0.0,0,23,0,0,-2.020922949002789,2.957372466806429,
