_MEMBER_hits,_LogP_hits,GO,Description,_PATTERN_,_RANK_,GiniIndex
1,-3.3,GO:0046942,carboxylic acid transport,M1,1,0
1,-4.1,GO:0032328,alanine transport,M1,1,0
1,-3.3,GO:0006099,tricarboxylic acid cycle,M1,1,0
1,-4.8,GO:0006631,fatty acid metabolic process,M1,1,0
1,-3.3,GO:0015849,organic acid transport,M1,1,0
1,-2.9,GO:0045494,photoreceptor cell maintenance,M1,1,0
1,-2.8,GO:0030501,positive regulation of bone mineralization,M1,1,0
1,-2.3,GO:0090287,regulation of cellular response to growth factor stimulus,M1,1,0
1,-2.3,GO:0030278,regulation of ossification,M1,1,0
1,-2,GO:0006469,negative regulation of protein kinase activity,M1,1,0
1,-6.2,GO:0032787,monocarboxylic acid metabolic process,M1,1,0
1,-2,GO:0034440,lipid oxidation,M1,1,0
1,-2.1,GO:0034103,regulation of tissue remodeling,M1,1,0
1,-2.7,GO:1901293,nucleoside phosphate biosynthetic process,M1,1,0
1,-2.2,GO:0010975,regulation of neuron projection development,M1,1,0
1,-3.4,GO:0051962,positive regulation of nervous system development,M1,1,0
1,-2.9,GO:0048812,neuron projection morphogenesis,M1,1,0
1,-2.3,GO:0044272,sulfur compound biosynthetic process,M1,1,0
1,-2.2,GO:0006090,pyruvate metabolic process,M1,1,0
1,-2.2,GO:0070972,protein localization to endoplasmic reticulum,M1,1,0
1,-2.5,GO:1902475,L-alpha-amino acid transmembrane transport,M1,1,0
1,-2.6,GO:0006897,endocytosis,M1,1,0
1,-2.8,GO:0015804,neutral amino acid transport,M1,1,0
1,-3.7,GO:0005975,carbohydrate metabolic process,M1,1,0
1,-2.5,GO:0090407,organophosphate biosynthetic process,M1,1,0
1,-2.4,GO:0072524,pyridine-containing compound metabolic process,M1,1,0
1,-2.5,GO:0046364,monosaccharide biosynthetic process,M1,1,0
1,-2.4,mmu00010,Glycolysis / Gluconeogenesis - Mus musculus (house mouse),M1,1,0
1,-2.8,GO:0016053,organic acid biosynthetic process,M1,1,0
1,-2.6,GO:0015980,energy derivation by oxidation of organic compounds,M1,1,0
1,-2.1,mmu04727,GABAergic synapse - Mus musculus (house mouse),M1,1,0
1,-2.4,GO:0043604,amide biosynthetic process,M1,1,0
1,-2.7,GO:0032870,cellular response to hormone stimulus,M1,1,0
1,-2.7,GO:0006094,gluconeogenesis,M1,1,0
1,-2.3,GO:0006641,triglyceride metabolic process,M1,1,0
1,-3.4,GO:0050767,regulation of neurogenesis,M1,1,0
1,-2.2,GO:0098739,import across plasma membrane,M1,1,0
1,-4.6,GO:0072521,purine-containing compound metabolic process,M1,1,0
1,-2.6,GO:0019319,hexose biosynthetic process,M1,1,0
1,-4.4,GO:1905039,carboxylic acid transmembrane transport,M1,1,0
1,-2.4,GO:0009135,purine nucleoside diphosphate metabolic process,M1,1,0
1,-2.1,GO:0045859,regulation of protein kinase activity,M1,1,0
1,-2.7,GO:0141091,transforming growth factor beta receptor superfamily signaling pathway,M1,1,0
1,-2.6,GO:0045229,external encapsulating structure organization,M1,1,0
1,-2.4,R-MMU-170834,Signaling by TGF-beta Receptor Complex,M1,1,0
1,-2.3,GO:0014013,regulation of gliogenesis,M1,1,0
1,-2.1,GO:0009132,nucleoside diphosphate metabolic process,M1,1,0
1,-3,GO:0071356,cellular response to tumor necrosis factor,M1,1,0
1,-2,GO:0097305,response to alcohol,M1,1,0
1,-2.7,WP4346,Cholesterol metabolism with Bloch and Kandutsch Russell pathways,M1,1,0
1,-2.5,GO:0032892,positive regulation of organic acid transport,M1,1,0
1,-3.4,mmu00020,Citrate cycle (TCA cycle) - Mus musculus (house mouse),M1,1,0
1,-2.8,GO:0072163,mesonephric epithelium development,M1,1,0
1,-4.8,R-MMU-75105,Fatty acyl-CoA biosynthesis,M1,1,0
1,-2.1,GO:0043954,cellular component maintenance,M1,1,0
1,-4.4,WP2316,PPAR signaling pathway,M1,1,0
1,-2.5,GO:0019362,pyridine nucleotide metabolic process,M1,1,0
1,-2.4,GO:0045778,positive regulation of ossification,M1,1,0
1,-2.1,GO:0033273,response to vitamin,M1,1,0
1,-2.6,GO:0043062,extracellular structure organization,M1,1,0
1,-6.1,GO:0070848,response to growth factor,M1,1,0
1,-3.7,R-MMU-210991,Basigin interactions,M1,1,0
1,-2.8,GO:0001823,mesonephros development,M1,1,0
1,-2.7,GO:0022904,respiratory electron transport chain,M1,1,0
1,-5.6,GO:0071363,cellular response to growth factor stimulus,M1,1,0
1,-3.3,mmu04142,Lysosome - Mus musculus (house mouse),M1,1,0
1,-2,GO:0051781,positive regulation of cell division,M1,1,0
1,-2.1,GO:0071560,cellular response to transforming growth factor beta stimulus,M1,1,0
1,-3.6,GO:0042219,modified amino acid catabolic process,M1,1,0
1,-3,GO:0006636,unsaturated fatty acid biosynthetic process,M1,1,0
1,-2.2,GO:0072073,kidney epithelium development,M1,1,0
1,-3.1,WP2841,Focal adhesion PI3K Akt mTOR signaling pathway,M1,1,0
1,-2.6,GO:0006633,fatty acid biosynthetic process,M1,1,0
1,-2.7,GO:0090092,regulation of transmembrane receptor protein serine/threonine kinase signaling pathway,M1,1,0
1,-2.1,GO:0046034,ATP metabolic process,M1,1,0
1,-2.1,mmu04512,ECM-receptor interaction - Mus musculus (house mouse),M1,1,0
1,-2.1,R-MMU-446203,Asparagine N-linked glycosylation,M1,1,0
1,-2.3,R-MMU-1428517,Aerobic respiration and respiratory electron transport,M1,1,0
1,-2.4,GO:0034331,cell junction maintenance,M1,1,0
1,-2.7,GO:1901568,fatty acid derivative metabolic process,M1,1,0
1,-2.9,GO:0015695,organic cation transport,M1,1,0
1,-2.5,GO:0007167,enzyme-linked receptor protein signaling pathway,M1,1,0
1,-3.9,GO:0009060,aerobic respiration,M1,1,0
1,-3.5,GO:0098657,import into cell,M1,1,0
1,-2.6,GO:0006635,fatty acid beta-oxidation,M1,1,0
1,-2.6,GO:0022900,electron transport chain,M1,1,0
1,-2.8,GO:0046394,carboxylic acid biosynthetic process,M1,1,0
1,-2.9,GO:0001657,ureteric bud development,M1,1,0
1,-2.2,GO:0045669,positive regulation of osteoblast differentiation,M1,1,0
1,-2.2,GO:0141193,nuclear receptor-mediated signaling pathway,M1,1,0
1,-2.2,GO:0061564,axon development,M1,1,0
1,-2,GO:0071559,response to transforming growth factor beta,M1,1,0
1,-2.1,GO:0072330,monocarboxylic acid biosynthetic process,M1,1,0
1,-5.3,R-MMU-556833,Metabolism of lipids,M1,1,0
1,-4.1,WP157,Glycolysis and gluconeogenesis,M1,1,0
1,-2.1,mmu04260,Cardiac muscle contraction - Mus musculus (house mouse),M1,1,0
1,-2.3,GO:0042775,mitochondrial ATP synthesis coupled electron transport,M1,1,0
1,-2.1,GO:0043434,response to peptide hormone,M1,1,0
1,-4.4,GO:1903825,organic acid transmembrane transport,M1,1,0
1,-2.4,GO:0009179,purine ribonucleoside diphosphate metabolic process,M1,1,0
1,-2.3,GO:0006081,aldehyde metabolic process,M1,1,0
1,-2.1,R-MMU-2187338,Visual phototransduction,M1,1,0
1,-2.1,GO:0019395,fatty acid oxidation,M1,1,0
1,-7,mmu01200,Carbon metabolism - Mus musculus (house mouse),M1,1,0
1,-2.1,GO:0045667,regulation of osteoblast differentiation,M1,1,0
1,-2.5,GO:0007178,cell surface receptor protein serine/threonine kinase signaling pathway,M1,1,0
1,-2.2,GO:0061061,muscle structure development,M1,1,0
1,-2.3,GO:0042773,ATP synthesis coupled electron transport,M1,1,0
1,-2,GO:0030258,lipid modification,M1,1,0
1,-2.5,GO:0046496,nicotinamide nucleotide metabolic process,M1,1,0
1,-2.8,mmu04151,PI3K-Akt signaling pathway - Mus musculus (house mouse),M1,1,0
1,-3,GO:0035383,thioester metabolic process,M1,1,0
1,-3.8,R-MMU-75876,Synthesis of very long-chain fatty acyl-CoAs,M1,1,0
1,-2.9,GO:0120039,plasma membrane bounded cell projection morphogenesis,M1,1,0
1,-2.8,GO:0072164,mesonephric tubule development,M1,1,0
1,-4.7,GO:0000038,very long-chain fatty acid metabolic process,M1,1,0
1,-3.3,mmu00030,Pentose phosphate pathway - Mus musculus (house mouse),M1,1,0
1,-2.6,GO:0070169,positive regulation of biomineral tissue development,M1,1,0
1,-2.5,GO:0019646,aerobic electron transport chain,M1,1,0
1,-3.4,GO:0051960,regulation of nervous system development,M1,1,0
1,-3.4,GO:0071616,acyl-CoA biosynthetic process,M1,1,0
1,-2.2,mmu01230,Biosynthesis of amino acids - Mus musculus (house mouse),M1,1,0
1,-3.5,GO:0032355,response to estradiol,M1,1,0
1,-2.5,GO:0001895,retina homeostasis,M1,1,0
1,-2.1,mmu04146,Peroxisome - Mus musculus (house mouse),M1,1,0
1,-3,GO:0006637,acyl-CoA metabolic process,M1,1,0
1,-4.5,WP4351,Omega 9 fatty acid synthesis,M1,1,0
1,-2,mmu05012,Parkinson disease - Mus musculus (house mouse),M1,1,0
1,-6.3,mmu01040,Biosynthesis of unsaturated fatty acids - Mus musculus (house mouse),M1,1,0
1,-4.5,WP4491,Elongation of very long chain fatty acids,M1,1,0
1,-2.4,GO:0072522,purine-containing compound biosynthetic process,M1,1,0
1,-2.6,GO:0030198,extracellular matrix organization,M1,1,0
1,-2.1,GO:0015807,L-amino acid transport,M1,1,0
1,-3.3,GO:0055086,nucleobase-containing small molecule metabolic process,M1,1,0
1,-3.4,WP434,TCA cycle,M1,1,0
1,-3.6,GO:0034612,response to tumor necrosis factor,M1,1,0
1,-4.6,R-MMU-2046104,alpha-linolenic (omega3) and linoleic (omega6) acid metabolism,M1,1,0
1,-4.6,R-MMU-6798695,Neutrophil degranulation,M1,1,0
1,-3.3,GO:0045333,cellular respiration,M1,1,0
1,-3.4,R-MMU-352230,Amino acid transport across the plasma membrane,M1,1,0
1,-3.4,GO:0006753,nucleoside phosphate metabolic process,M1,1,0
1,-3.1,GO:0050769,positive regulation of neurogenesis,M1,1,0
1,-2.1,GO:0030500,regulation of bone mineralization,M1,1,0
1,-2.6,GO:0032868,response to insulin,M1,1,0
1,-2.3,GO:1901137,carbohydrate derivative biosynthetic process,M1,1,0
1,-2,mmu04141,Protein processing in endoplasmic reticulum - Mus musculus (house mouse),M1,1,0
1,-3.4,GO:0048858,cell projection morphogenesis,M1,1,0
1,-2.6,GO:0015711,organic anion transport,M1,1,0
1,-5.7,GO:0006091,generation of precursor metabolites and energy,M1,1,0
1,-4.2,mmu03320,PPAR signaling pathway - Mus musculus (house mouse),M1,1,0
1,-2.3,GO:0050730,regulation of peptidyl-tyrosine phosphorylation,M1,1,0
1,-4.2,GO:0044283,small molecule biosynthetic process,M1,1,0
1,-3.4,GO:0035384,thioester biosynthetic process,M1,1,0
1,-4.6,R-MMU-2046106,alpha-linolenic acid (ALA) metabolism,M1,1,0
1,-2.2,GO:0009185,ribonucleoside diphosphate metabolic process,M1,1,0
1,-2.1,GO:0050731,positive regulation of peptidyl-tyrosine phosphorylation,M1,1,0
1,-2,GO:0048667,cell morphogenesis involved in neuron differentiation,M1,1,0
1,-2.6,R-MMU-109582,Hemostasis,M1,1,0
1,-2.3,GO:0033559,unsaturated fatty acid metabolic process,M1,1,0
1,-3,GO:0014015,positive regulation of gliogenesis,M1,1,0
1,-2.1,GO:0006163,purine nucleotide metabolic process,M1,1,0
1,-2.1,GO:0009062,fatty acid catabolic process,M1,1,0
1,-2.1,GO:0035924,cellular response to vascular endothelial growth factor stimulus,M1,1,0
1,-7.8,mmu01212,Fatty acid metabolism - Mus musculus (house mouse),M1,1,0
1,-2.3,GO:0002688,regulation of leukocyte chemotaxis,M1,1,0
1,-2.5,GO:1901136,carbohydrate derivative catabolic process,M1,1,0
1,-2.5,R-MMU-9033241,Peroxisomal protein import,M1,1,0
1,-5.9,R-MMU-8978868,Fatty acid metabolism,M1,1,0
1,-4,mmu00071,Fatty acid degradation - Mus musculus (house mouse),M1,1,0
1,-2.5,GO:0046031,ADP metabolic process,M1,1,0
1,-2.2,GO:0051851,modulation by host of symbiont process,M1,1,0
