p_val,avg_log2FC,pct.1,pct.2,p_val_adj,cluster,gene,pct.1_pct.2,pct_method_1
0,2.37545477319447,0.993,0.429,0,1,Egr1,0.564,0.560052
0,2.25569175871655,0.902,0.366,0,1,Fos,0.536,0.483472
0,2.98727191238156,0.581,0.136,0,1,Fosb,0.445,0.258545
1.98839035980115e-243,2.17335038084838,0.627,0.206,6.40858212963911e-239,1,Ier2,0.421,0.263967
7.18860104187435e-224,1.2364389069845,0.866,0.525,2.3168861157961e-219,1,Nr4a1,0.341,0.295306
4.84857018656428e-83,0.447012681887152,0.941,0.806,1.56269417112967e-78,1,Mat2a,0.135,0.127035
5.46106929824127e-73,0.325027568692184,0.955,0.854,1.76010263482316e-68,1,Pcare,0.101,0.096455
1.41664361789383e-66,1.40126326421698,0.385,0.175,4.56584238047182e-62,1,Junb,0.21,0.08085
7.11648809880942e-65,0.739313281247181,0.713,0.487,2.29364411424628e-60,1,Per1,0.226,0.161138
8.89973835720103e-56,0.666861896302526,0.714,0.502,2.86838567252589e-51,1,Zfp36l2,0.212,0.151368
3.98458628466502e-50,0.481834485123633,0.808,0.639,1.28423215954754e-45,1,Plekhf2,0.169,0.136552
8.32434054108485e-50,0.825280582507085,0.608,0.408,2.68293495639165e-45,1,Jun,0.2,0.1216
2.41344884894627e-44,0.630003960597895,0.678,0.501,7.77854564015382e-40,1,Btg2,0.177,0.120006
4.26463992862818e-43,0.596522811652511,0.711,0.529,1.37449344899686e-38,1,Ddit4,0.182,0.129402
1.33740167248164e-42,0.421272972659277,0.835,0.68,4.31044559040832e-38,1,Stk35,0.155,0.129425
1.2858579535585e-41,0.401217458377375,0.859,0.702,4.14432018431906e-37,1,Flcn,0.157,0.134863
1.95812678209352e-41,0.391430838718929,0.857,0.712,6.31104261868741e-37,1,Ccnl1,0.145,0.124265
2.47528810141797e-41,0.444329941778356,0.787,0.629,7.97785355087012e-37,1,Trp53inp2,0.158,0.124346
9.94674391977181e-41,0.585608161539242,0.682,0.493,3.20583556534245e-36,1,Peg3,0.189,0.128898
1.78240346057715e-39,0.985644213871564,0.374,0.204,5.74468635344016e-35,1,Sgk1,0.17,0.06358
1.9707642710335e-39,0.495882688995386,0.732,0.573,6.35177324554097e-35,1,Zfand5,0.159,0.116388
4.27831407067152e-37,0.42626376319132,0.786,0.626,1.37890062497743e-32,1,Slc25a25,0.16,0.12576
6.98821078771582e-36,0.576702882382262,0.654,0.494,2.25230033688081e-31,1,Cotl1,0.16,0.10464
3.96084178599592e-34,1.19764679213876,0.252,0.12,1.27657930762649e-29,1,Dusp1,0.132,0.033264
2.38394281578192e-33,0.752883227928779,0.502,0.336,7.68344769526512e-29,1,Dnajb1,0.166,0.083332
2.75090779743076e-33,0.473404902324942,0.72,0.565,8.86617583111934e-29,1,Jag1,0.155,0.1116
3.13980831787533e-32,0.492379102230835,0.69,0.492,1.01196022085122e-27,1,Gramd2,0.198,0.13662
3.42626207761768e-31,0.34597986971762,0.847,0.705,1.10428426761618e-26,1,Zfp654,0.142,0.120274
2.01687309324143e-30,0.456782967580212,0.731,0.562,6.50038197951712e-26,1,Stom,0.169,0.123539
5.83913214759595e-30,0.368595495360405,0.813,0.66,1.88195229117017e-25,1,Zscan26,0.153,0.124389
2.89020883149661e-29,0.560528337291874,0.604,0.453,9.31514306391359e-25,1,Jund,0.151,0.091204
1.19250227868153e-27,0.307418367864428,0.868,0.747,3.84343484419056e-23,1,Ip6k2,0.121,0.105028
2.17242187923464e-27,0.978229286953785,0.283,0.155,7.00171571677326e-23,1,Hist3h2a,0.128,0.036224
4.48060243884056e-27,0.274557350782412,0.921,0.797,1.44409816603831e-22,1,Clk1,0.124,0.114204
7.21409498513074e-27,0.373356409011682,0.804,0.646,2.32510281370764e-22,1,Tnfaip3,0.158,0.127032
8.78768868870124e-27,0.639678225053188,0.49,0.334,2.83227206436841e-22,1,Ddit3,0.156,0.07644
2.09442722504495e-26,0.524940184023464,0.596,0.435,6.75033894631988e-22,1,Ifrd1,0.161,0.095956
4.07350584952921e-26,0.373638493503055,0.76,0.63,1.31289093530327e-21,1,Hspa8,0.13,0.0988
4.55704819154252e-26,0.343419476271979,0.794,0.66,1.46873663213415e-21,1,Tob2,0.134,0.106396
1.11759188298067e-25,0.807584789231525,0.274,0.146,3.60199863884671e-21,1,Pde8a,0.128,0.035072
6.8163807271258e-25,0.622089148848295,0.467,0.316,2.19691950835265e-20,1,Dusp5,0.151,0.070517
9.06264492724686e-25,0.367696549910959,0.775,0.625,2.92089046005166e-20,1,Tob1,0.15,0.11625
9.08607067264292e-25,0.283563056514336,0.835,0.724,2.92844057779281e-20,1,Cdk5r2,0.111,0.092685
2.59763467530844e-24,0.473760836632501,0.624,0.481,8.37217655851911e-20,1,Slc26a2,0.143,0.089232
2.85606282819468e-24,0.385399292778528,0.751,0.589,9.20509049527146e-20,1,Srsf7,0.162,0.121662
3.43895858713194e-24,0.543957115189854,0.538,0.382,1.10837635263263e-19,1,Gadd45a,0.156,0.083928
4.49902308897786e-24,0.543523236387825,0.51,0.353,1.45003514157757e-19,1,Stk40,0.157,0.08007
1.99016268710511e-23,0.626701170373943,0.423,0.278,6.41429434053975e-19,1,Apba3,0.145,0.061335
2.39127213638116e-23,0.559047718324457,0.492,0.338,7.70707009555649e-19,1,Nop56,0.154,0.075768
3.70711050748156e-23,0.462047705345412,0.596,0.443,1.19480171656131e-18,1,Mafg,0.153,0.091188
4.82284905630041e-23,0.325252779789144,0.806,0.678,1.55440425084562e-18,1,Sik2,0.128,0.103168
5.95059644197072e-23,0.552504484977106,0.503,0.357,1.91787723324716e-18,1,Cggbp1,0.146,0.073438
9.4487570409361e-23,0.526508201856187,0.523,0.377,3.0453343942937e-18,1,Rabggtb,0.146,0.076358
1.11787302846767e-22,0.617383704054504,0.438,0.293,3.6029047707513e-18,1,Akirin1,0.145,0.06351
4.19950433456276e-22,0.615745342450874,0.39,0.248,1.35350024702958e-17,1,Fem1a,0.142,0.05538
4.92266075231176e-22,0.332425794094959,0.744,0.628,1.58657356047008e-17,1,Ddx3x,0.116,0.086304
8.74515699296428e-22,0.579179890953666,0.468,0.327,2.81856409883239e-17,1,Morf4l2,0.141,0.065988
1.11524178625998e-21,0.320508098130676,0.787,0.658,3.59442427711591e-17,1,Ivns1abp,0.129,0.101523
1.21560674425775e-21,0.565014237831618,0.462,0.321,3.91790053674272e-17,1,Nr1d1,0.141,0.065142
1.70242271079198e-21,0.432236097629276,0.63,0.485,5.48690839688257e-17,1,Plagl2,0.145,0.09135
1.97752557193904e-21,0.341504519296306,0.758,0.63,6.37356491835953e-17,1,Arl13b,0.128,0.097024
6.02445738244342e-21,0.51549957480632,0.49,0.346,1.94168261436151e-16,1,Ranbp6,0.144,0.07056
2.16409410782748e-20,0.279455815397264,0.829,0.714,6.97487530952797e-16,1,Dyrk2,0.115,0.095335
2.53446976072857e-20,0.294584489591919,0.808,0.694,8.16859603882818e-16,1,Kif1a,0.114,0.0921120000000001
4.50116129757783e-20,0.438801974083036,0.586,0.441,1.45072428620934e-15,1,D16Ertd472e,0.145,0.08497
6.26670832921543e-20,0.425883977621407,0.589,0.445,2.01976009450613e-15,1,Jmjd6,0.144,0.084816
6.57674685388171e-20,0.283342559711429,0.821,0.715,2.11968551100607e-15,1,Pfkp,0.106,0.087026
1.65872338368556e-19,0.332405431566572,0.761,0.627,5.34606546561854e-15,1,Spry2,0.134,0.101974
1.92329560420961e-19,0.724178930460013,0.285,0.172,6.19878173236757e-15,1,Mef2c,0.113,0.032205
2.92538718044666e-19,0.55680669259996,0.413,0.279,9.42852288257958e-15,1,Hexim1,0.134,0.055342
3.14552558744539e-19,0.636241666871437,0.365,0.24,1.01380289683365e-14,1,Srf,0.125,0.045625
3.78270521751648e-19,0.498534060665412,0.499,0.359,1.21916589160556e-14,1,Trib1,0.14,0.06986
8.08460453374882e-19,0.527952825457119,0.44,0.302,2.60566804122724e-14,1,Ptbp1,0.138,0.06072
8.35846102820892e-19,0.403319640763656,0.623,0.474,2.69393198939174e-14,1,Usp2,0.149,0.092827
9.73876339150516e-19,0.367093945911109,0.684,0.549,3.13880344108211e-14,1,Bhlhe41,0.135,0.09234
1.05798558270325e-18,0.472631037295356,0.481,0.337,3.40988753305257e-14,1,Sntg2,0.144,0.069264
1.60672925095701e-18,0.343143958686335,0.702,0.584,5.17848837583443e-14,1,Guca1a,0.118,0.082836
2.31078931583028e-18,0.642530643114174,0.337,0.219,7.44767396492099e-14,1,Zcchc3,0.118,0.039766
2.40033441286511e-18,0.492406481759329,0.495,0.362,7.73627781266426e-14,1,Tubb4b,0.133,0.065835
2.78730624478626e-18,0.303737270651003,0.767,0.645,8.98348802694613e-14,1,Bmpr1a,0.122,0.093574
3.42468127018207e-18,0.411499000872616,0.593,0.459,1.10377477337968e-13,1,Fam53c,0.134,0.079462
3.8873501238852e-18,0.483436603905221,0.457,0.318,1.2528929449282e-13,1,Plekhg3,0.139,0.063523
4.45397510965489e-18,0.456576686159818,0.535,0.401,1.43551617784177e-13,1,Ero1l,0.134,0.07169
6.03970787550605e-18,0.574268337809339,0.352,0.231,1.9465978482756e-13,1,Arg2,0.121,0.042592
8.85428103132237e-18,0.498804239360504,0.476,0.345,2.8537347763952e-13,1,Lonrf1,0.131,0.062356
1.0117088890029e-17,0.382693743076614,0.616,0.472,3.26073774925635e-13,1,Gjd2,0.144,0.088704
1.09612017466872e-17,0.422520967343853,0.527,0.383,3.53279532295727e-13,1,Unc45a,0.144,0.075888
1.2926590284655e-17,0.525200931177439,0.423,0.294,4.16624004874432e-13,1,Fam160b1,0.129,0.054567
1.63217893576909e-17,0.258958248060259,0.844,0.726,5.26051270998379e-13,1,Tra2a,0.118,0.099592
2.12238695752398e-17,0.447319932039752,0.484,0.348,6.8404531640998e-13,1,Pwwp2b,0.136,0.065824
2.50046965995031e-17,0.664130535830974,0.254,0.151,8.05901371401985e-13,1,Slbp,0.103,0.026162
1.17319328215448e-16,0.357220104186138,0.64,0.501,3.7812019483839e-12,1,Phax,0.139,0.08896
1.22642797288855e-16,0.458695661425032,0.473,0.343,3.9527773566198e-12,1,Fam110a,0.13,0.06149
1.54297520397906e-16,0.293786956820071,0.778,0.65,4.97300908242452e-12,1,Sfpq,0.128,0.099584
1.63698756774895e-16,0.383916369676253,0.6,0.464,5.27601093085486e-12,1,Ttc39c,0.136,0.0816
1.67307254605404e-16,0.400348300539502,0.562,0.432,5.39231281593217e-12,1,Vps37c,0.13,0.07306
1.68726111160275e-16,0.31040687998191,0.737,0.597,5.43804256269565e-12,1,Nlgn2,0.14,0.10318
1.75918808525063e-16,0.40316200565627,0.562,0.432,5.66986319876279e-12,1,Nim1k,0.13,0.07306
1.80988068730555e-16,0.269328142579536,0.806,0.687,5.83324545518579e-12,1,Hnrnph3,0.119,0.095914
1.87761959006216e-16,0.428853975879805,0.525,0.396,6.05156793877035e-12,1,P4ha1,0.129,0.067725
1.9839676291791e-16,0.355606035023776,0.659,0.531,6.39432766884425e-12,1,Dusp7,0.128,0.084352
3.00863568548207e-16,0.602697094561957,0.309,0.2,9.69683281430872e-12,1,Acot7,0.109,0.033681
3.0801421263884e-16,0.350727344904887,0.644,0.509,9.92729807334982e-12,1,Mast2,0.135,0.08694
3.12762206218547e-16,0.537701027204108,0.341,0.224,1.00803259064238e-11,1,Zcchc18,0.117,0.039897
3.53615080450792e-16,0.33114696585267,0.677,0.549,1.1397014042929e-11,1,Rassf8,0.128,0.086656
3.89313107027602e-16,0.383532981684369,0.607,0.481,1.25475614394996e-11,1,Egln1,0.126,0.076482
4.03660549394856e-16,0.579886476081718,0.331,0.219,1.30099795069962e-11,1,Lysmd3,0.112,0.037072
7.29100063457759e-16,0.55431728204366,0.318,0.207,2.34988950452436e-11,1,Gna11,0.111,0.035298
8.11257022377662e-16,0.498123425111148,0.381,0.261,2.61468138312321e-11,1,Hnrnpdl,0.12,0.04572
8.50705961311606e-16,0.613961479284137,0.301,0.196,2.74182531330731e-11,1,Skida1,0.105,0.031605
8.5148325466311e-16,0.393285181329302,0.539,0.406,2.7443305297792e-11,1,Itprid2,0.133,0.071687
1.91872530430929e-15,0.5083145077357,0.449,0.334,6.18405165578883e-11,1,Rdh10,0.115,0.051635
1.92352193283293e-15,0.340979710516653,0.663,0.519,6.19951118952053e-11,1,Amy1,0.144,0.095472
2.1194058244394e-15,0.567197908912829,0.29,0.185,6.8308449721682e-11,1,Rhobtb1,0.105,0.03045
2.36457280597747e-15,0.592634288915108,0.302,0.196,7.6210181536654e-11,1,Gzf1,0.106,0.032012
2.41954265903499e-15,0.316515927934237,0.717,0.583,7.79818599006978e-11,1,Mtmr6,0.134,0.096078
2.69769995509248e-15,0.438516873062764,0.468,0.342,8.69468695526306e-11,1,Mex3c,0.126,0.058968
2.71471258309506e-15,0.358056538133025,0.615,0.489,8.74951865531538e-11,1,Cldnd1,0.126,0.07749
3.24037443554972e-15,0.352797060757415,0.61,0.48,1.04437268057768e-10,1,Atf4,0.13,0.0793
3.27608510543972e-15,0.434002506594652,0.465,0.339,1.05588222948322e-10,1,Tsc22d2,0.126,0.05859
3.80103670897437e-15,0.384348975178531,0.558,0.431,1.22507413130244e-10,1,Xbp1,0.127,0.070866
4.89236833045441e-15,0.548597391416829,0.3,0.195,1.57681031290546e-10,1,Bcar1,0.105,0.0315
5.57208391600877e-15,0.417661672286683,0.495,0.371,1.79588264612962e-10,1,Abhd4,0.124,0.06138
5.93182278901239e-15,0.29314806633078,0.731,0.613,1.91182648489869e-10,1,Lbhd1,0.118,0.086258
1.11423004232719e-14,0.298648861732676,0.709,0.59,3.59116342642052e-10,1,Heg1,0.119,0.084371
1.23915446419795e-14,0.268202036409874,0.778,0.657,3.99379483810999e-10,1,Clk4,0.121,0.094138
1.32788236278202e-14,0.365634942898335,0.568,0.444,4.27976485524644e-10,1,Aldoc,0.124,0.070432
1.46574706026304e-14,0.329301114311426,0.648,0.513,4.72410277522779e-10,1,Msl2,0.135,0.08748
1.62966036304466e-14,0.573128850235616,0.283,0.182,5.25239535009295e-10,1,Clp1,0.101,0.028583
1.69137263775611e-14,0.296565155081937,0.735,0.597,5.45129401148794e-10,1,Ttc19,0.138,0.10143
1.79909431808969e-14,0.364502001370234,0.548,0.417,5.79848098720306e-10,1,Brd2,0.131,0.071788
1.90772394467483e-14,0.304292359853181,0.706,0.575,6.14859427368699e-10,1,Kmt5c,0.131,0.092486
2.04283635730891e-14,0.323192361625322,0.64,0.523,6.58406157960661e-10,1,Arid3b,0.117,0.07488
2.14364611456198e-14,0.526723103492079,0.326,0.219,6.90897142723326e-10,1,Map3k14,0.107,0.034882
2.29437051340249e-14,0.361539008377351,0.568,0.44,7.39475616469622e-10,1,Tctn3,0.128,0.072704
2.47563815173372e-14,0.362206009443249,0.589,0.464,7.97898176303779e-10,1,Aqp1,0.125,0.073625
2.48029231721503e-14,0.27223237253516,0.768,0.652,7.99398213838404e-10,1,Dusp8,0.116,0.089088
2.6148776137982e-14,0.3957368095927,0.508,0.383,8.4277505492716e-10,1,Seh1l,0.125,0.0635
2.63742507181896e-14,0.382010329857916,0.517,0.384,8.50042100647251e-10,1,Wdr82,0.133,0.068761
2.70087087126255e-14,0.520246909066235,0.361,0.254,8.70490681807918e-10,1,Spty2d1,0.107,0.038627
2.92145031963747e-14,0.382765745710555,0.51,0.381,9.41583438019158e-10,1,Uspl1,0.129,0.06579
3.0572015269664e-14,0.578670307180081,0.256,0.16,9.85336052141271e-10,1,Rassf1,0.096,0.024576
3.24709867869985e-14,0.431630503695631,0.452,0.334,1.04653990414496e-09,1,Irf2bp2,0.118,0.053336
4.52095580571872e-14,0.452962986066123,0.423,0.311,1.45710405618314e-09,1,Btbd10,0.112,0.047376
4.81846445938577e-14,0.350955930496169,0.557,0.423,1.55299109526003e-09,1,Las1l,0.134,0.074638
5.20637183374774e-14,0.661479460389335,0.251,0.161,1.6780136420169e-09,1,Ak4,0.09,0.02259
5.92418848257504e-14,0.402164325038583,0.467,0.348,1.90936594793393e-09,1,BC005561,0.119,0.055573
6.12264199024826e-14,0.412700128230006,0.48,0.363,1.97332751345701e-09,1,Pou6f1,0.117,0.05616
6.40435881620835e-14,0.590650998105773,0.286,0.19,2.06412484646395e-09,1,Zfp830,0.096,0.027456
6.49259577524782e-14,0.56158405595724,0.283,0.185,2.09256361836237e-09,1,Vasn,0.098,0.027734
7.48084730213873e-14,0.282371818055921,0.704,0.59,2.41107708547931e-09,1,Poldip3,0.114,0.080256
8.31736032465062e-14,0.263727083839723,0.767,0.652,2.6806852326349e-09,1,Ppm1n,0.115,0.088205
8.72298388639697e-14,0.45722806654335,0.403,0.291,2.81141770658574e-09,1,Utp3,0.112,0.045136
8.79938375576574e-14,0.330289404233968,0.64,0.521,2.8360413844833e-09,1,Ankrd52,0.119,0.07616
8.93289686848235e-14,0.424603231102604,0.435,0.316,2.87907266071186e-09,1,Reep2,0.119,0.051765
9.58536415455756e-14,0.253215109467413,0.795,0.672,3.0893628670139e-09,1,Rnpc3,0.123,0.097785
1.07278654766637e-13,0.535526785145218,0.32,0.217,3.4575910431287e-09,1,Knop1,0.103,0.03296
1.15701465510893e-13,0.338778654383303,0.59,0.464,3.72905823341607e-09,1,Upf1,0.126,0.07434
1.17530788979816e-13,0.491001204771069,0.378,0.269,3.78801732881948e-09,1,Kctd10,0.109,0.041202
1.22557974201917e-13,0.567382113069582,0.299,0.201,3.95004350852779e-09,1,Irf7,0.098,0.029302
1.23608206319654e-13,0.427731727864495,0.443,0.326,3.98389248968245e-09,1,Yod1,0.117,0.051831
1.38090785195554e-13,0.342713908931376,0.572,0.445,4.4506660068527e-09,1,Mterf3,0.127,0.072644
1.41598684360213e-13,0.428206008926285,0.412,0.296,4.56372559692968e-09,1,Maea,0.116,0.047792
1.58295599065467e-13,0.472448659701329,0.406,0.297,5.10186715787999e-09,1,Gxylt1,0.109,0.044254
1.61475541934279e-13,0.317055581879393,0.623,0.496,5.20435671654182e-09,1,Fam222a,0.127,0.079121
1.71765540586295e-13,0.476703784579371,0.402,0.294,5.53600337309628e-09,1,Gcc1,0.108,0.043416
1.74537169955929e-13,0.373538226759225,0.531,0.408,5.6253329876796e-09,1,Preb,0.123,0.065313
1.80923623589038e-13,0.426889017366824,0.423,0.309,5.8311683882747e-09,1,Pi4k2a,0.114,0.048222
2.35601014924652e-13,0.555286519091104,0.277,0.181,7.59342071102155e-09,1,Zfp868,0.096,0.026592
2.35615723695001e-13,0.477967182695036,0.323,0.22,7.59389477468988e-09,1,Ing1,0.103,0.033269
2.61610971097528e-13,0.600944733316731,0.262,0.171,8.43172159847331e-09,1,Trmt10c,0.091,0.023842
2.63909416617725e-13,0.40534668840721,0.452,0.337,8.50580049758929e-09,1,Ccdc173,0.115,0.05198
2.72571369641602e-13,0.342336199484838,0.595,0.475,8.78497524354884e-09,1,Kdm3a,0.12,0.0714
3.00099110385138e-13,0.391724996002995,0.462,0.34,9.67219432771301e-09,1,Zbtb6,0.122,0.056364
3.09296268702915e-13,0.430296703197541,0.415,0.302,9.96861874029494e-09,1,Cwc25,0.113,0.046895
3.19059230238496e-13,0.275364833007844,0.756,0.623,1.02832789905867e-08,1,Akap8,0.133,0.100548
3.21367731838154e-13,0.541298174860323,0.288,0.192,1.03576819971437e-08,1,Rela,0.096,0.027648
3.31246094994585e-13,0.477394087535444,0.359,0.254,1.06760616416755e-08,1,Cdkn2aip,0.105,0.037695
3.41159359047364e-13,0.252971101305226,0.777,0.671,1.09955661420965e-08,1,Kmt2a,0.106,0.082362
3.47762201896745e-13,0.534008668462146,0.281,0.186,1.12083757671321e-08,1,Csrnp2,0.095,0.026695
3.56436125973276e-13,0.49288504379641,0.351,0.247,1.14879363401187e-08,1,Ddx20,0.104,0.036504
3.89363717169361e-13,0.3362677290193,0.602,0.488,1.25491926043685e-08,1,Hk2,0.114,0.068628
4.76127268714177e-13,0.396895367734778,0.48,0.367,1.53455818706579e-08,1,Trpc1,0.113,0.05424
5.03761960700539e-13,0.401046975117053,0.404,0.288,1.62362479933784e-08,1,Zscan29,0.116,0.046864
5.46455394402643e-13,0.457514541777025,0.342,0.236,1.76122573615972e-08,1,Galt,0.106,0.036252
6.03291315727142e-13,0.257665391498895,0.774,0.655,1.94440791058858e-08,1,Arl4d,0.119,0.092106
6.28862685467677e-13,0.360598095317391,0.533,0.409,2.02682443526232e-08,1,Fbxl12,0.124,0.066092
6.68570701845865e-13,0.331359184237548,0.591,0.459,2.15480337204922e-08,1,Eps8,0.132,0.078012
7.40624780390179e-13,0.281331986727289,0.717,0.59,2.38703366719755e-08,1,Hnrnph1,0.127,0.091059
7.78186365166883e-13,0.48063327653177,0.342,0.238,2.50809465493286e-08,1,Gart,0.104,0.035568
7.78611224953124e-13,0.284183807916121,0.704,0.575,2.50946397802392e-08,1,March7,0.129,0.090816
7.7895112902542e-13,0.497679682327047,0.307,0.208,2.51055948884893e-08,1,Cdc7,0.099,0.030393
7.83445710474779e-13,0.283657021353765,0.686,0.564,2.52504552486021e-08,1,Crb2,0.122,0.0836920000000001
8.27125568844147e-13,0.358082144938091,0.506,0.39,2.66582570838469e-08,1,Ndel1,0.116,0.058696
8.99784041364183e-13,0.3786070394786,0.504,0.39,2.90000396531676e-08,1,Ptges2,0.114,0.057456
1.00861474508423e-12,0.292518995113207,0.673,0.556,3.25076532340646e-08,1,Rraga,0.117,0.078741
1.01781861598398e-12,0.456138462865266,0.378,0.272,3.28042939931637e-08,1,Sde2,0.106,0.040068
1.02554419971168e-12,0.558560286722873,0.273,0.181,3.30532895567074e-08,1,Camk1g,0.092,0.025116
1.04059407145229e-12,0.315727703845237,0.598,0.472,3.35383469229072e-08,1,Prpf38b,0.126,0.075348
1.05459127372623e-12,0.281234138252439,0.69,0.57,3.39894767521963e-08,1,Osbpl8,0.12,0.0828
1.12446233420118e-12,0.663967490954677,0.251,0.165,3.6241421031304e-08,1,Ctnnal1,0.086,0.021586
1.18524539884773e-12,0.444462839521552,0.359,0.252,3.82004592048624e-08,1,Scamp2,0.107,0.038413
1.243418203067e-12,0.478729867195783,0.36,0.256,4.00753686848496e-08,1,Klhl23,0.104,0.03744
1.25315613868852e-12,0.336801355931062,0.558,0.443,4.0389222349931e-08,1,Abhd17b,0.115,0.06417
1.298204809316e-12,0.31193351784053,0.639,0.524,4.18411410042546e-08,1,Fnbp4,0.115,0.073485
1.31359243547643e-12,0.304442301745891,0.617,0.507,4.23370841954055e-08,1,Ssx2ip,0.11,0.06787
1.33087901138427e-12,0.302261517774477,0.667,0.534,4.28942305369151e-08,1,Srsf2,0.133,0.088711
1.38855906950402e-12,0.537383203369347,0.298,0.204,4.47532588101145e-08,1,Zfp869,0.094,0.028012
1.40345752843599e-12,0.393938718376414,0.454,0.343,4.52334361414918e-08,1,Fbxw9,0.111,0.050394
1.42433686260207e-12,0.338148939232894,0.553,0.43,4.59063770816647e-08,1,Mapk1ip1,0.123,0.068019
1.55536676660736e-12,0.417421673432911,0.419,0.31,5.01294708877552e-08,1,Slc16a3,0.109,0.045671
1.58382460407178e-12,0.405456669992884,0.454,0.344,5.10466669892334e-08,1,Rnf113a2,0.11,0.04994
1.5966998836364e-12,0.346592110447957,0.529,0.411,5.14616372496013e-08,1,Lpin1,0.118,0.062422
1.60618976880117e-12,0.260550548259396,0.749,0.637,5.17674962484617e-08,1,Wdr47,0.112,0.083888
1.73949066459995e-12,0.45353534889458,0.368,0.262,5.60637841200563e-08,1,Samd4b,0.106,0.039008
1.75370549001619e-12,0.46834962503331,0.43,0.324,5.65219279432217e-08,1,Hspa1a,0.106,0.04558
2.49285596442795e-12,0.38003992880655,0.463,0.347,8.03447477335128e-08,1,Mob1b,0.116,0.053708
2.53930201386052e-12,0.357157234072564,0.527,0.414,8.18417039067246e-08,1,Gpr137c,0.113,0.059551
2.72515676287089e-12,0.285312181418475,0.675,0.554,8.78318024673288e-08,1,Tet2,0.121,0.081675
2.77083489255123e-12,0.365527047339711,0.481,0.367,8.93040085869262e-08,1,Svil,0.114,0.054834
2.80241489687804e-12,0.31234753069856,0.591,0.469,9.03218321263793e-08,1,Tmem214,0.122,0.072102
2.85224209491308e-12,0.265055047709434,0.717,0.607,9.19277627190485e-08,1,B4galt1,0.11,0.07887
2.85590061408518e-12,0.312298648784197,0.603,0.485,9.20456767919654e-08,1,Atl2,0.118,0.071154
3.07345392991127e-12,0.510711985880756,0.294,0.2,9.90574201610402e-08,1,Lcmt2,0.094,0.027636
3.09320404656038e-12,0.296057352025269,0.64,0.527,9.96939664206411e-08,1,Pank4,0.113,0.07232
3.30265359652973e-12,0.413535690184224,0.385,0.278,1.06444525416153e-07,1,E4f1,0.107,0.041195
3.30556171536704e-12,0.471488589517152,0.331,0.231,1.0653825408628e-07,1,Rnf114,0.1,0.0331
3.35298718771882e-12,0.311513946804289,0.595,0.463,1.08066777060178e-07,1,Ints13,0.132,0.07854
3.44836876370072e-12,0.459756938723913,0.328,0.228,1.11140925254074e-07,1,Ttll12,0.1,0.0328
3.60831109009081e-12,0.421616084510112,0.383,0.277,1.16295866433627e-07,1,Adnp2,0.106,0.040598
3.71715779125761e-12,0.608517288653365,0.263,0.177,1.19803995612233e-07,1,Aste1,0.086,0.022618
4.07819110295465e-12,0.403646089136464,0.386,0.277,1.31440099248228e-07,1,Ttbk2,0.109,0.042074
4.28041276826056e-12,0.433884175866213,0.395,0.29,1.37957703521038e-07,1,Polr1c,0.105,0.041475
4.4241225498691e-12,0.422070474283655,0.385,0.278,1.42589469782281e-07,1,Nat10,0.107,0.041195
4.79076110891535e-12,0.336699092993601,0.564,0.445,1.54406230540342e-07,1,Mdm2,0.119,0.067116
5.13657759110687e-12,0.467035503263199,0.326,0.227,1.65551895761375e-07,1,Fbxo33,0.099,0.032274
5.42908416790627e-12,0.276054534318613,0.667,0.551,1.74979382731619e-07,1,Dynll1,0.116,0.077372
5.58863875936646e-12,0.27217388984758,0.7,0.573,1.80121827214381e-07,1,Myt1,0.127,0.0889
5.66623800236224e-12,0.428554370428035,0.393,0.289,1.82622850816135e-07,1,Ehd4,0.104,0.040872
5.74962538855967e-12,0.325871662356681,0.526,0.41,1.85310426273278e-07,1,Rad21,0.116,0.061016
5.77409726921705e-12,0.486381586741884,0.289,0.195,1.86099154986865e-07,1,Slc41a1,0.094,0.027166
5.88798693144645e-12,0.363324303045951,0.486,0.369,1.89769818800519e-07,1,Rnf40,0.117,0.056862
5.98217593984366e-12,0.276983576515855,0.697,0.58,1.92805530541161e-07,1,Hdac5,0.117,0.081549
6.53273839023531e-12,0.277564940381384,0.69,0.571,2.10550158317284e-07,1,Snta1,0.119,0.08211
6.94648502051953e-12,0.355738109172412,0.492,0.376,2.23885212211344e-07,1,Map3k2,0.116,0.057072
6.98622613217178e-12,0.346681437372176,0.494,0.381,2.25166068239896e-07,1,Mcl1,0.113,0.055822
7.02218623672632e-12,0.383148792341542,0.422,0.311,2.26325062409689e-07,1,Fndc3a,0.111,0.046842
7.19855265233766e-12,0.354874424768408,0.492,0.378,2.32009351984843e-07,1,Zbtb38,0.114,0.056088
7.55219297631631e-12,0.501660014072352,0.27,0.179,2.43407179626675e-07,1,Nampt,0.091,0.02457
7.76446811376686e-12,0.39537364915197,0.413,0.304,2.50248807306706e-07,1,Rtl6,0.109,0.045017
7.77182114464446e-12,0.317528348134228,0.555,0.433,2.50485795491891e-07,1,Plekha8,0.122,0.06771
8.34402663874202e-12,0.404188495283347,0.395,0.288,2.68927978566655e-07,1,Cdc14a,0.107,0.042265
9.48543255363499e-12,0.33862246579247,0.527,0.408,3.05715491203656e-07,1,Trim3,0.119,0.062713
9.89504326599003e-12,0.365781908795998,0.472,0.365,3.18917244462859e-07,1,Szrd1,0.107,0.050504
1.01862232086051e-11,0.402007651735926,0.409,0.304,3.28301974013344e-07,1,Pank3,0.105,0.042945
1.02196269216734e-11,0.355472090074047,0.464,0.348,3.29378575685535e-07,1,Parp2,0.116,0.053824
1.11634580406605e-11,0.453213919322717,0.325,0.228,3.59798252650487e-07,1,Ago1,0.097,0.031525
1.12569615919086e-11,0.497546081715532,0.274,0.184,3.62811872107213e-07,1,Asb6,0.09,0.02466
1.25188019641134e-11,0.259564977278551,0.718,0.601,4.03480987303374e-07,1,Zfp292,0.117,0.084006
1.32416327726921e-11,0.29311870765213,0.634,0.504,4.26777824263866e-07,1,Tmem108,0.13,0.08242
1.7709613203888e-11,0.516447736339232,0.283,0.196,5.70780833561309e-07,1,Emd,0.087,0.024621
1.84716064596324e-11,0.385493572546567,0.433,0.327,5.95339876193952e-07,1,Vps18,0.106,0.045898
1.85127963804361e-11,0.37367062615126,0.39,0.284,5.96667427341455e-07,1,Npat,0.106,0.04134
1.92138409933121e-11,0.365941109194412,0.472,0.364,6.1926209521445e-07,1,Slc20a1,0.108,0.050976
1.92905845304831e-11,0.509924476221554,0.251,0.166,6.2173553941747e-07,1,Fam102a,0.085,0.021335
1.9400489573977e-11,0.405066206212695,0.418,0.315,6.25277778969278e-07,1,Zbtb21,0.103,0.043054
1.95436817077992e-11,0.298882429697265,0.592,0.472,6.29892861442368e-07,1,Pwwp2a,0.12,0.07104
2.02291758525432e-11,0.411502095525283,0.38,0.278,6.51986337727468e-07,1,Ankzf1,0.102,0.03876
2.09794007074216e-11,0.437630943131204,0.356,0.258,6.76166084800199e-07,1,Hsp90ab1,0.098,0.034888
2.19513021588533e-11,0.276196592463404,0.68,0.555,7.07490468579842e-07,1,Inka2,0.125,0.085
2.22473234966088e-11,0.398498702707545,0.371,0.268,7.17031236295702e-07,1,Zbtb11,0.103,0.038213
2.52527732765639e-11,0.396271063643189,0.375,0.271,8.13896882703654e-07,1,Impdh2,0.104,0.039
2.64005813115123e-11,0.328335879848254,0.526,0.417,8.50890735670041e-07,1,Dcun1d3,0.109,0.057334
2.81435111458932e-11,0.535947326805742,0.28,0.194,9.07065364232138e-07,1,Bex3,0.086,0.02408
2.85273650073471e-11,0.373826653358064,0.427,0.323,9.19436974186797e-07,1,Znrd1,0.104,0.044408
2.85873657218332e-11,0.383809291156834,0.409,0.305,9.21370797214684e-07,1,Mul1,0.104,0.042536
3.02714972481733e-11,0.336094852608684,0.529,0.422,9.75650356308625e-07,1,Suv39h2,0.107,0.056603
3.11122022248552e-11,0.308751522331165,0.567,0.45,1.00274627770708e-06,1,Tra2b,0.117,0.066339
3.30598396261138e-11,0.359377421127752,0.448,0.34,1.06551863114965e-06,1,Homer1,0.108,0.048384
3.47774428070645e-11,0.332683584197849,0.559,0.441,1.12087698167169e-06,1,Prkar1a,0.118,0.065962
3.49327335153245e-11,0.343539821594367,0.49,0.379,1.12588200119891e-06,1,Capn10,0.111,0.05439
3.64518678022762e-11,0.355005955637194,0.494,0.385,1.17484369926736e-06,1,Gpr152,0.109,0.053846
3.86040558620453e-11,0.44658619615672,0.366,0.272,1.24420872043372e-06,1,Rundc1,0.094,0.034404
3.86135093653227e-11,0.433807169182976,0.302,0.208,1.24451340684435e-06,1,Mkks,0.094,0.028388
4.02441389288387e-11,0.338988499865946,0.458,0.347,1.29706859767647e-06,1,Unc13a,0.111,0.050838
4.07143733842154e-11,0.374061171071761,0.388,0.284,1.31222425417326e-06,1,Cystm1,0.104,0.040352
4.07881589454385e-11,0.291710977542399,0.624,0.508,1.31460236281148e-06,1,Ankrd40,0.116,0.072384
4.26432292515843e-11,0.331417027801068,0.519,0.407,1.37439127877856e-06,1,Farsa,0.112,0.058128
4.47024606094967e-11,0.503621596008248,0.27,0.184,1.44076030544408e-06,1,Nol9,0.086,0.02322
4.57751256762828e-11,0.308237730155057,0.551,0.435,1.4753323005466e-06,1,Irf3,0.116,0.063916
4.80815500834055e-11,0.442576707845413,0.3,0.21,1.54966835918816e-06,1,Etf1,0.09,0.027
4.90747556295747e-11,0.401230187152975,0.362,0.261,1.58167937394119e-06,1,Tbrg4,0.101,0.036562
5.45002454976802e-11,0.31154143326509,0.559,0.44,1.75654291239023e-06,1,Bmt2,0.119,0.066521
5.70167915306977e-11,0.458226076652859,0.336,0.244,1.83765119103439e-06,1,Ptpn1,0.092,0.030912
5.91371959420457e-11,0.455869228524518,0.261,0.175,1.90599182521213e-06,1,Yrdc,0.086,0.022446
6.19576442246302e-11,0.315934774290844,0.548,0.444,1.99689487335983e-06,1,Csnk1d,0.104,0.056992
6.22601220815025e-11,0.293614143121588,0.569,0.458,2.00664373468683e-06,1,Mxi1,0.111,0.063159
6.54112549285999e-11,0.341598281785485,0.461,0.348,2.10820474634877e-06,1,Hemk1,0.113,0.052093
6.785805366839e-11,0.504523069816408,0.304,0.218,2.18706506973221e-06,1,Pramef8,0.086,0.026144
7.08799300874854e-11,0.287100019552717,0.589,0.476,2.28446014671965e-06,1,Ccdc186,0.113,0.066557
7.2107714105663e-11,0.426500610775348,0.35,0.255,2.32403162562552e-06,1,Slc38a2,0.095,0.03325
7.93275199962325e-11,0.348668790800834,0.471,0.365,2.55672596947857e-06,1,Zfp110,0.106,0.049926
8.8262108580307e-11,0.373129863785461,0.471,0.372,2.84468775954329e-06,1,Dnaja1,0.099,0.046629
8.96610546537219e-11,0.329934452838831,0.504,0.393,2.88977579148946e-06,1,Tmem183a,0.111,0.055944
9.02014959307167e-11,0.27316441169909,0.668,0.564,2.907194213847e-06,1,Odc1,0.104,0.0694720000000001
9.07251489919397e-11,0.368776851453084,0.391,0.287,2.92407155201022e-06,1,Zfp719,0.104,0.040664
9.13936901179019e-11,0.277570136494464,0.634,0.526,2.94561863249998e-06,1,Fnip1,0.108,0.068472
9.46802013058568e-11,0.284524949789226,0.617,0.502,3.05154288808777e-06,1,Dpy30,0.115,0.070955
9.85895150005407e-11,0.537312871896799,0.274,0.191,3.17754006846743e-06,1,Zc2hc1c,0.083,0.022742
1.03081896897059e-10,0.293740222692598,0.578,0.454,3.32232953699221e-06,1,Ppm1d,0.124,0.071672
1.05425149011987e-10,0.528485845587167,0.266,0.183,3.39785255265634e-06,1,Zswim1,0.083,0.022078
1.09861395414536e-10,0.433404900459488,0.302,0.213,3.5408327742105e-06,1,Hspa9,0.089,0.026878
1.11413533460816e-10,0.323963808781629,0.49,0.375,3.59085818344209e-06,1,Zfp131,0.115,0.05635
1.11866435448247e-10,0.358586942501678,0.446,0.342,3.60545521449699e-06,1,Chp1,0.104,0.046384
1.28075118286384e-10,0.33186384427634,0.46,0.35,4.12786106237016e-06,1,Oxsr1,0.11,0.0506
1.32778740440375e-10,0.325549060618313,0.479,0.367,4.27945880439329e-06,1,Srrm4,0.112,0.053648
1.34725957137384e-10,0.338446908116011,0.467,0.363,4.34221759853787e-06,1,Rara,0.104,0.048568
1.37196792805237e-10,0.343780825648892,0.463,0.36,4.42185263211278e-06,1,Lamtor3,0.103,0.047689
1.38457537369338e-10,0.339101128096525,0.472,0.364,4.46248642941375e-06,1,Cipc,0.108,0.050976
1.4025225733533e-10,0.269845607798202,0.626,0.512,4.52033025391769e-06,1,E2f4,0.114,0.071364
1.48695762981176e-10,0.34327227526544,0.459,0.354,4.79246444088329e-06,1,Card19,0.105,0.048195
1.50166478352205e-10,0.518468130474378,0.25,0.17,4.83986559729157e-06,1,Errfi1,0.08,0.02
1.51558184746412e-10,0.310744122451153,0.534,0.423,4.88472029437686e-06,1,Csgalnact2,0.111,0.059274
1.55005359261054e-10,0.337602575606187,0.473,0.363,4.99582272898377e-06,1,Trim26,0.11,0.05203
1.78273902742778e-10,0.436870423675891,0.338,0.248,5.74576788539973e-06,1,Taf7,0.09,0.03042
1.78840175923673e-10,0.323579494016824,0.519,0.414,5.76401887001998e-06,1,Prdm2,0.105,0.054495
1.8169442294221e-10,0.406378639324683,0.316,0.224,5.85601125142743e-06,1,Npc2,0.092,0.029072
1.84368254794109e-10,0.341513734620272,0.461,0.353,5.94218885201413e-06,1,Kdm6b,0.108,0.049788
1.89739704571559e-10,0.314349333192166,0.438,0.323,6.11531067834135e-06,1,Mtf2,0.115,0.05037
1.91714095192153e-10,0.327776104802982,0.474,0.368,6.1789452880431e-06,1,Gtf2h1,0.106,0.050244
1.99688606667707e-10,0.355041987868574,0.389,0.287,6.43596379290019e-06,1,Prrt1,0.102,0.039678
2.06681395000287e-10,0.327341406662815,0.479,0.371,6.66134136085925e-06,1,Fgfr1op2,0.108,0.051732
2.10098030088006e-10,0.385009332217237,0.358,0.261,6.77145950973643e-06,1,Amotl2,0.097,0.034726
2.27461362715702e-10,0.382278933154956,0.39,0.292,7.33107972032706e-06,1,Golph3,0.098,0.03822
2.3070980189544e-10,0.325884307633135,0.473,0.365,7.43577691509003e-06,1,Bcl2l13,0.108,0.051084
2.32597559091643e-10,0.327240554708885,0.463,0.353,7.49661932952366e-06,1,Klhl12,0.11,0.05093
2.47993759126787e-10,0.444665485336208,0.304,0.216,7.99283885665633e-06,1,Zscan21,0.088,0.026752
2.51009705719055e-10,0.344588040278892,0.395,0.291,8.09004281532515e-06,1,DEPRECATED-ENSMUSG00000025025,0.104,0.04108
2.90939521832541e-10,0.333681577659243,0.478,0.374,9.3769807886628e-06,1,Zfp24,0.104,0.049712
3.19711958073762e-10,0.404226076349644,0.289,0.2,1.03043164087173e-05,1,Metap1,0.089,0.025721
3.27492050628081e-10,0.400602874154801,0.374,0.28,1.05550687917431e-05,1,N4bp1,0.094,0.035156
3.29364291534968e-10,0.299983362367892,0.564,0.457,1.0615411116172e-05,1,Cabp4,0.107,0.060348
3.35403373140023e-10,0.371777820630665,0.367,0.269,1.0810050716303e-05,1,Fbxo4,0.098,0.035966
3.40488101531368e-10,0.280352102218051,0.565,0.446,1.0973931512356e-05,1,Slf2,0.119,0.067235
3.97437702728134e-10,0.321916420232039,0.508,0.403,1.28094171589278e-05,1,Prickle1,0.105,0.05334
4.16156697889877e-10,0.444013130853186,0.304,0.219,1.34127303729907e-05,1,E2f5,0.085,0.02584
4.20084731503681e-10,0.34683564510467,0.432,0.329,1.35393308963636e-05,1,Ppp1r8,0.103,0.044496
4.24522468379604e-10,0.362250144469073,0.418,0.317,1.36823591558746e-05,1,Mtf1,0.101,0.042218
4.49822426650986e-10,0.274088838976215,0.633,0.537,1.44977768109613e-05,1,Sntb2,0.096,0.060768
4.54544814065403e-10,0.313898219136514,0.522,0.417,1.46499793573279e-05,1,Rxra,0.105,0.05481
4.67854936248357e-10,0.337861158375114,0.44,0.333,1.50789645952845e-05,1,Phf21b,0.107,0.04708
4.67937675311927e-10,0.432989419407151,0.323,0.236,1.50816312753034e-05,1,Tubgcp4,0.087,0.028101
4.84193149156547e-10,0.282783067829895,0.569,0.453,1.56055451973155e-05,1,Fam107b,0.116,0.066004
4.91260380088035e-10,0.376114183177,0.294,0.205,1.58333220502374e-05,1,Nek1,0.089,0.026166
4.94727411848528e-10,0.268599046925732,0.647,0.532,1.59450644838781e-05,1,Tpd52,0.115,0.074405
5.13244337944219e-10,0.35911332229789,0.434,0.335,1.65418650119422e-05,1,Lcorl,0.099,0.042966
6.24330754266079e-10,0.283423264015393,0.568,0.46,2.01221802099957e-05,1,Kansl2,0.108,0.061344
6.26765577277247e-10,0.461201594972078,0.307,0.222,2.02006545556457e-05,1,Prdm8,0.085,0.026095
6.31860980643144e-10,0.550966961647239,0.261,0.184,2.03648794061285e-05,1,Ptprn,0.077,0.020097
6.40502820442047e-10,0.348358891783124,0.411,0.312,2.06434059028472e-05,1,Sp2,0.099,0.040689
6.55493547520167e-10,0.274591361890927,0.582,0.465,2.1126557036575e-05,1,Ubc,0.117,0.068094
6.8497888235442e-10,0.338297817344223,0.439,0.338,2.2076869378283e-05,1,Crtc3,0.101,0.044339
6.95244043486319e-10,0.446695860171342,0.271,0.188,2.24077155215641e-05,1,Fem1c,0.083,0.022493
7.09788773430234e-10,0.284076697148059,0.562,0.446,2.28764921676564e-05,1,Sf3a1,0.116,0.065192
7.3813399417517e-10,0.379140368002132,0.386,0.292,2.37900586322657e-05,1,Zfp655,0.094,0.036284
7.93480166332129e-10,0.296881510379596,0.529,0.424,2.55738657608845e-05,1,Ncoa5,0.105,0.055545
8.1168774022175e-10,0.323833008371915,0.446,0.34,2.6160695867347e-05,1,Slc25a28,0.106,0.047276
8.15118950828122e-10,0.31933028585807,0.452,0.349,2.62712837851904e-05,1,Tollip,0.103,0.046556
8.17707571110508e-10,0.381017390196312,0.39,0.296,2.63547150168917e-05,1,Ccnd3,0.094,0.03666
8.28736136690559e-10,0.437944610382978,0.318,0.231,2.67101656855367e-05,1,Herpud1,0.087,0.027666
8.92350335510242e-10,0.36205632010015,0.372,0.277,2.87604513134951e-05,1,Sdc4,0.095,0.03534
9.21583868034522e-10,0.335094531036553,0.417,0.316,2.97026480667527e-05,1,Ttc4,0.101,0.042117
9.31625743549208e-10,0.298685129882064,0.522,0.415,3.0026297714591e-05,1,Pttg1ip,0.107,0.055854
9.33670275362875e-10,0.318400159204087,0.489,0.383,3.00921929749455e-05,1,Cops2,0.106,0.051834
9.52674007243538e-10,0.450319026023383,0.287,0.205,3.07046832534592e-05,1,Zfp395,0.082,0.023534
1.01011892463575e-09,0.42243606411821,0.303,0.218,3.25561329410101e-05,1,Zfp622,0.085,0.025755
1.04048431338162e-09,0.285491879735602,0.549,0.443,3.35348094202896e-05,1,Clasrp,0.106,0.058194
1.0950553885881e-09,0.276896348051665,0.601,0.498,3.52936351741943e-05,1,Cfap20,0.103,0.061903
1.12850542472416e-09,0.449048144106907,0.294,0.211,3.63717298388597e-05,1,Fbxl14,0.083,0.024402
1.1483437164669e-09,0.334342081036745,0.394,0.294,3.70111179817283e-05,1,Slc25a36,0.1,0.0394
1.28473151891031e-09,0.320686208691544,0.438,0.335,4.14068968544793e-05,1,Paf1,0.103,0.045114
1.2850985543602e-09,0.394067445921918,0.336,0.247,4.14187264070293e-05,1,Tada2b,0.089,0.029904
1.29940924343713e-09,0.37935371985032,0.361,0.268,4.18799599159787e-05,1,Rapgef2,0.093,0.033573
1.31024472066589e-09,0.343454303190082,0.382,0.283,4.22291873470617e-05,1,Slc25a42,0.099,0.037818
1.34129161327207e-09,0.370185730586128,0.358,0.266,4.32298286957587e-05,1,Mapre1,0.092,0.032936
1.38634438976967e-09,0.33934512722446,0.402,0.305,4.46818796822766e-05,1,Morc3,0.097,0.038994
1.42792331607484e-09,0.282749122720802,0.586,0.478,4.6021968477092e-05,1,Dcaf6,0.108,0.063288
1.43690787794386e-09,0.344771728384674,0.433,0.332,4.63115409061307e-05,1,Meaf6,0.101,0.043733
1.44004891690276e-09,0.318671617338472,0.455,0.348,4.64127765917758e-05,1,Dennd4c,0.107,0.048685
1.44463809285562e-09,0.324616952868105,0.464,0.364,4.65606857327366e-05,1,Lims1,0.1,0.0464
1.44636853388879e-09,0.390810976606615,0.333,0.244,4.66164578472356e-05,1,Eif3a,0.089,0.029637
1.46496318061745e-09,0.281565758629256,0.57,0.46,4.72157633113006e-05,1,Hirip3,0.11,0.0627
1.47169936450112e-09,0.319908226268506,0.498,0.395,4.7432870517871e-05,1,Camk2g,0.103,0.051294
1.5025716423134e-09,0.281669766954664,0.563,0.446,4.8427884031761e-05,1,Ipo8,0.117,0.065871
1.50478665230226e-09,0.374565613360375,0.372,0.282,4.84992738037018e-05,1,Raph1,0.09,0.03348
1.5306769541114e-09,0.385282802405287,0.358,0.267,4.93337182310103e-05,1,Csf2ra,0.091,0.032578
1.5451739605909e-09,0.459920032292307,0.266,0.187,4.98009567498447e-05,1,Hexim2,0.079,0.021014
1.61806435963826e-09,0.268563655409014,0.608,0.514,5.21502143111411e-05,1,St8sia1,0.094,0.057152
1.6623025347216e-09,0.343128500951997,0.393,0.295,5.35760106940773e-05,1,Ankrd27,0.098,0.038514
1.771613474287e-09,0.452693698031744,0.314,0.233,5.70991022762701e-05,1,Champ1,0.081,0.025434
1.81393424916826e-09,0.324656097677861,0.4,0.301,5.84631008506929e-05,1,Suv39h1,0.099,0.0396
1.82368564996435e-09,0.289073226507384,0.503,0.392,5.8777388498351e-05,1,Prkca,0.111,0.055833
1.83067064774988e-09,0.25875764004693,0.648,0.533,5.90025149769786e-05,1,Nae1,0.115,0.07452
1.9239479998922e-09,0.26132285329617,0.549,0.43,6.20088440365257e-05,1,Msh3,0.119,0.065331
2.04142206467926e-09,0.434821936562944,0.267,0.187,6.57950331446125e-05,1,Garem1,0.08,0.02136
2.18440137556815e-09,0.297633984931302,0.494,0.387,7.04032563345615e-05,1,C1ql3,0.107,0.052858
2.20496003877221e-09,0.387453673784806,0.317,0.23,7.10658620496284e-05,1,Taf5,0.087,0.027579
2.23607665096052e-09,0.392632115365202,0.309,0.223,7.20687504604577e-05,1,Tmem250-ps,0.086,0.026574
2.34801295011981e-09,0.371471117243891,0.345,0.252,7.56764573823616e-05,1,Abhd13,0.093,0.032085
2.40773422815568e-09,0.493670804914611,0.267,0.191,7.76012741734576e-05,1,Kin,0.076,0.020292
2.46617252170279e-09,0.490459494805916,0.305,0.226,7.94847403744809e-05,1,Glul,0.079,0.024095
2.47930724488862e-09,0.380512084563179,0.277,0.193,7.99080725027604e-05,1,Ppan,0.084,0.023268
2.48102198490779e-09,0.31680044446245,0.465,0.364,7.99633385735782e-05,1,Fem1b,0.101,0.046965
2.50670378486667e-09,0.520109180905222,0.27,0.194,8.07910629862527e-05,1,Mylip,0.076,0.02052
2.54308550423512e-09,0.30788435097427,0.399,0.299,8.1963645801498e-05,1,Riok2,0.1,0.0399
2.55994897160834e-09,0.363505543381957,0.368,0.277,8.25071553549368e-05,1,Pigm,0.091,0.033488
2.61418070387643e-09,0.296789371163746,0.523,0.419,8.42550440859372e-05,1,Rap1b,0.104,0.054392
2.65351227358421e-09,0.268274057350918,0.587,0.478,8.5522700577619e-05,1,Cdkn1b,0.109,0.063983
2.70056518241147e-09,0.393639086425037,0.339,0.252,8.70392158291216e-05,1,Zfp784,0.087,0.029493
2.73947588948537e-09,0.39068358573528,0.335,0.25,8.82933079181134e-05,1,Lrrc73,0.085,0.028475
2.87016912374035e-09,0.34764363735535,0.39,0.297,9.25055508581513e-05,1,Ddx52,0.093,0.03627
2.9311123173501e-09,0.35548419908868,0.339,0.248,9.44697499881937e-05,1,Mphosph6,0.091,0.030849
2.97183522057554e-09,0.416557296266771,0.298,0.216,9.57822491591495e-05,1,Zfp319,0.082,0.024436
3.03654082333598e-09,0.360022098041169,0.357,0.266,9.78677107361187e-05,1,Abhd18,0.091,0.032487
3.07382969207408e-09,0.253642117690614,0.616,0.505,9.90695309755477e-05,1,Mreg,0.111,0.068376
3.29369302162152e-09,0.293961546822522,0.505,0.402,0.000106155726086861,1,Rnf19a,0.103,0.052015
3.42067465521808e-09,0.337765961986642,0.429,0.333,0.000110248344137679,1,Jade1,0.096,0.041184
3.49678112977582e-09,0.299090615451472,0.525,0.423,0.000112701255812675,1,Spen,0.102,0.05355
3.49707963078031e-09,0.397251610261721,0.285,0.203,0.000112710876500049,1,Malt1,0.082,0.02337
3.54707811437854e-09,0.365432499189303,0.369,0.277,0.00011432232762642,1,Rasgef1b,0.092,0.033948
3.58214481968183e-09,0.313135260218887,0.428,0.328,0.000115452527538345,1,Nfe2l1,0.1,0.0428
3.58865039013829e-09,0.440870131842304,0.28,0.201,0.000115662202074157,1,Pdk1,0.079,0.02212
4.082074930526e-09,0.285665536191642,0.468,0.361,0.000131565275010853,1,Usp16,0.107,0.050076
4.30520018061805e-09,0.346480352576587,0.384,0.293,0.00013875660182132,1,Ube2a,0.091,0.034944
4.47165258864641e-09,0.329936428372375,0.404,0.309,0.000144121362932074,1,Hnrnpab,0.095,0.03838
4.5207091384995e-09,0.404200385257459,0.331,0.247,0.000145702455533839,1,Krt18,0.084,0.027804
4.53592902051302e-09,0.314234779708688,0.437,0.339,0.000146192992331135,1,Ythdf1,0.098,0.042826
4.55842710914918e-09,0.300344879816392,0.482,0.388,0.000146918105727878,1,Tpi1,0.094,0.045308
4.5727932319306e-09,0.280852544702731,0.557,0.462,0.000147381125865123,1,Wdr37,0.095,0.052915
4.91574554410498e-09,0.401235133020584,0.265,0.186,0.000158434478886504,1,Ccdc85b,0.079,0.020935
5.00700116531265e-09,0.272254385350152,0.548,0.444,0.000161375647558027,1,Kank1,0.104,0.056992
5.02716544040337e-09,0.313470334965073,0.425,0.325,0.000162025542144201,1,Morc2a,0.1,0.0425
5.07230707661874e-09,0.295698707399716,0.495,0.393,0.000163480457079422,1,Hdac9,0.102,0.05049
5.18108853122367e-09,0.283616273784851,0.498,0.396,0.000166986483361339,1,Tspyl4,0.102,0.050796
5.57104099872191e-09,0.419839220609592,0.27,0.191,0.000179554651388807,1,Nsmce3,0.079,0.02133
5.58306368970163e-09,0.337541925351902,0.398,0.304,0.000179942142719083,1,Fam122a,0.094,0.037412
5.70174075317497e-09,0.266775506742951,0.586,0.477,0.000183767104474829,1,Mfn1,0.109,0.063874
5.90289798102374e-09,0.377679271714289,0.318,0.232,0.000190250401928395,1,Cbfb,0.086,0.027348
5.92735277258024e-09,0.375193435911343,0.34,0.253,0.000191038579860261,1,Fam98c,0.087,0.02958
6.07162610623594e-09,0.434841745733657,0.265,0.187,0.000195688509403984,1,Pak4,0.078,0.02067
6.09132003268928e-09,0.357721700146903,0.337,0.25,0.000196323244653576,1,Mtss1,0.087,0.029319
6.16850240349518e-09,0.350891000789783,0.3,0.215,0.00019881083246465,1,Pnpt1,0.085,0.0255
6.56311957939773e-09,0.351283353441846,0.377,0.287,0.000211529344043989,1,Ttll3,0.09,0.03393
6.56922935204492e-09,0.476701440847356,0.252,0.179,0.000211726262016408,1,Snip1,0.073,0.018396
6.66804848309643e-09,0.259686312742757,0.583,0.471,0.000214911202610198,1,Mcrs1,0.112,0.065296
6.67648632370106e-09,0.287300658168839,0.48,0.38,0.000215183154212885,1,Wtap,0.1,0.048
6.76869236665142e-09,0.253320662752024,0.6,0.497,0.000218154954977175,1,Gse1,0.103,0.0618
7.04426895259873e-09,0.316188096543421,0.461,0.369,0.000227036788342257,1,Tbcc,0.092,0.042412
7.079353195611e-09,0.29001481411464,0.493,0.389,0.000228167553494542,1,Mysm1,0.104,0.051272
7.27809246967542e-09,0.256758010922342,0.596,0.494,0.000234572920297639,1,Rabgap1l,0.102,0.060792
7.64629185673883e-09,0.306854869335868,0.38,0.282,0.000246439986542693,1,Wdr90,0.098,0.03724
7.74785662125453e-09,0.379650634164894,0.287,0.205,0.000249713418903034,1,Prpf4,0.082,0.023534
7.89858730010572e-09,0.337960480207255,0.358,0.267,0.000254571468682407,1,Dnajc21,0.091,0.032578
8.06641980591648e-09,0.417293393818377,0.277,0.2,0.000259980710344688,1,Cldn12,0.077,0.021329
8.92003080494208e-09,0.284539899800137,0.495,0.397,0.000287492592843283,1,Wasl,0.098,0.04851
9.15761937382894e-09,0.355556440278634,0.357,0.269,0.000295150072418507,1,Nacc1,0.088,0.031416
9.62854226313688e-09,0.426961596401022,0.309,0.229,0.000310327917140902,1,Fam76a,0.08,0.02472
9.81461851343181e-09,0.291545881229368,0.48,0.379,0.000316325154687907,1,Dnaja4,0.101,0.04848
9.84146079327438e-09,0.350565582633983,0.343,0.258,0.000317190281367233,1,Cdc5l,0.085,0.029155
1.00164282566032e-08,0.37599791934423,0.313,0.231,0.000322829482710322,1,Rab40c,0.082,0.025666
1.03002803708195e-08,0.403380861129015,0.313,0.233,0.000331978036351513,1,Arf6,0.08,0.02504
1.05700655456661e-08,0.253403360772951,0.575,0.473,0.000340673212536817,1,Fam45a,0.102,0.05865
1.06055648080316e-08,0.329232530812922,0.408,0.316,0.00034181735376286,1,Zfp612,0.092,0.037536
1.11895194934064e-08,0.272406181416842,0.547,0.439,0.000360638213272488,1,Ago3,0.108,0.059076
1.17361537825619e-08,0.294560289326367,0.429,0.33,0.000378256236411969,1,Lrrc47,0.099,0.042471
1.23360784971494e-08,0.29641339518114,0.459,0.359,0.000397591809963126,1,Ssh1,0.1,0.0459
1.23500066888003e-08,0.421911438011776,0.272,0.196,0.000398040715580035,1,Mlycd,0.076,0.020672
1.24747725389804e-08,0.335697528926799,0.376,0.286,0.000402061918931338,1,Skil,0.09,0.03384
1.24754262609114e-08,0.284944796450913,0.503,0.403,0.000402082988389173,1,Ccdc9,0.1,0.0503
1.31781484601193e-08,0.306777543926247,0.454,0.356,0.000424731724869645,1,Ddx41,0.098,0.044492
1.32733887632115e-08,0.306218055584122,0.428,0.332,0.000427801319838306,1,Rnf44,0.096,0.041088
1.33543316647053e-08,0.34192145345001,0.346,0.257,0.000430410109553453,1,Bub3,0.089,0.030794
1.36409253367602e-08,0.319464965550609,0.363,0.272,0.000439647023603783,1,Cox11,0.091,0.033033
1.38920362269326e-08,0.412552669959809,0.304,0.224,0.000447740327594036,1,Smcr8,0.08,0.02432
1.44139997773677e-08,0.446062762961217,0.264,0.191,0.000464563212824562,1,Mphosph10,0.073,0.019272
1.46407576570751e-08,0.27056150717648,0.556,0.454,0.000471871619287531,1,Lcor,0.102,0.056712
1.48670571319313e-08,0.387861913393284,0.294,0.214,0.000479165251362145,1,Sirt7,0.08,0.02352
1.520641641607e-08,0.335620111209139,0.381,0.294,0.000490102801089937,1,Pef1,0.087,0.033147
1.56654686313326e-08,0.46425543319385,0.256,0.183,0.000504898053987849,1,Pdxk,0.073,0.018688
1.58987210930515e-08,0.274620136338027,0.476,0.374,0.000512415780829048,1,Iars,0.102,0.048552
1.59808868777389e-08,0.26240188520263,0.516,0.415,0.000515063984069523,1,Naa30,0.101,0.052116
1.59931977318468e-08,0.347360448952586,0.382,0.295,0.000515460762897423,1,Csnk1e,0.087,0.033234
1.6446325181998e-08,0.296834301327748,0.496,0.403,0.000530065060615795,1,Cog1,0.093,0.046128
1.6587632709789e-08,0.298768922465522,0.459,0.359,0.0005346194022365,1,Chordc1,0.1,0.0459
1.80747640019021e-08,0.28402417464037,0.407,0.308,0.000582549643781304,1,Aldh9a1,0.099,0.040293
1.85789517777341e-08,0.33247857592923,0.328,0.242,0.00059879961579637,1,Actr8,0.086,0.028208
1.85997406418383e-08,0.278633785208245,0.5,0.401,0.000599469640886449,1,Alkbh1,0.099,0.0495
1.87917979689276e-08,0.374397755537393,0.339,0.257,0.000605659648538537,1,Ogfr,0.082,0.027798
1.90503878250523e-08,0.267537358061042,0.512,0.41,0.000613993999601435,1,Ints6,0.102,0.052224
1.96081925264651e-08,0.346694703778593,0.282,0.202,0.000631972045127972,1,Kif1c,0.08,0.02256
1.97230908314323e-08,0.279317402238247,0.506,0.401,0.000635675217497063,1,Lmnb1,0.105,0.05313
1.9865383023419e-08,0.355855271739749,0.332,0.251,0.000640261294844795,1,Kifc3,0.081,0.026892
2.00905912279421e-08,0.279197343011624,0.495,0.396,0.000647519755276575,1,Chrac1,0.099,0.049005
2.01894071253386e-08,0.271315537274181,0.556,0.457,0.000650704591649662,1,Akap1,0.099,0.055044
2.0512614913811e-08,0.27203733508,0.529,0.423,0.00066112157867213,1,Syne1,0.106,0.056074
2.07733022774396e-08,0.368391882756307,0.373,0.287,0.000669523532401879,1,Med31,0.086,0.032078
2.08486986680969e-08,0.368714203930247,0.352,0.267,0.000671953558072764,1,Fam13b,0.085,0.02992
2.11291367178406e-08,0.271407078888064,0.544,0.444,0.000680992076416004,1,Ier3,0.1,0.0544
2.13346927469686e-08,0.389274019595826,0.285,0.208,0.000687617147234799,1,Zfp78,0.077,0.021945
2.25591074638962e-08,0.269044806391422,0.479,0.377,0.000727080033561374,1,Tmem266,0.102,0.048858
2.33450191799201e-08,0.305414876775213,0.447,0.355,0.000752409968168824,1,Cep126,0.092,0.041124
2.37756126711432e-08,0.393339752664487,0.283,0.206,0.000766287996390945,1,Irs2,0.077,0.021791
2.43513807679746e-08,0.265843870254976,0.545,0.441,0.000784845002151822,1,Senp2,0.104,0.05668
2.55059589031728e-08,0.318251192732426,0.407,0.318,0.00082205705544926,1,Lrig2,0.089,0.036223
2.61277066174222e-08,0.363738727311902,0.293,0.214,0.000842095984279516,1,Zfp146,0.079,0.023147
2.64741905007306e-08,0.452376634402132,0.265,0.193,0.000853263159838546,1,Tmem11,0.072,0.01908
2.69938761061981e-08,0.272721130627035,0.421,0.323,0.000870012626902764,1,Amd1,0.098,0.041258
2.71464012478096e-08,0.334341805767456,0.342,0.259,0.000874928512216903,1,AI837181,0.083,0.028386
2.77017932328468e-08,0.333918644673631,0.382,0.295,0.000892828795894651,1,Pcyt2,0.087,0.033234
2.77980410705148e-08,0.332134763018725,0.423,0.335,0.000895930863702692,1,Kat7,0.088,0.037224
2.84320683169116e-08,0.3684392065321,0.304,0.224,0.000916365561854061,1,Pdcd7,0.08,0.02432
2.9294085178267e-08,0.254533836821281,0.578,0.475,0.000944148365295547,1,Dnttip2,0.103,0.059534
2.94010822997152e-08,0.347873552257039,0.299,0.218,0.000947596882519821,1,Cluh,0.081,0.024219
3.0920316847384e-08,0.284133120520529,0.514,0.424,0.000996561811991185,1,Rlf,0.09,0.04626
3.11952278714375e-08,0.381842583739633,0.344,0.264,0.00100542219429643,1,Syne3,0.08,0.02752
3.18836808642422e-08,0.311815417088753,0.413,0.321,0.00102761103425453,1,Crtc2,0.092,0.037996
3.33416058834603e-08,0.360678436989616,0.281,0.203,0.00107459995762393,1,Slc35a2,0.078,0.021918
3.33676092077204e-08,0.251762539461087,0.576,0.476,0.00107543804476483,1,Mettl3,0.1,0.0576
3.38161567454334e-08,0.290655387534885,0.473,0.379,0.00108989473190532,1,Clk3,0.094,0.044462
3.41115120556881e-08,0.317969291483138,0.376,0.288,0.00109941403355483,1,Tex10,0.088,0.033088
3.48562894450989e-08,0.292668534096853,0.476,0.382,0.00112341820881554,1,Fam78b,0.094,0.044744
3.57060983368098e-08,0.25203373392043,0.548,0.44,0.00115080754939538,1,Mycbp2,0.108,0.059184
3.57627438144341e-08,0.333604129918746,0.362,0.277,0.00115263323313921,1,Kctd2,0.085,0.03077
3.62440687271396e-08,0.302793803968142,0.377,0.288,0.00116814633507571,1,Vps13b,0.089,0.033553
3.6359190077748e-08,0.272314268518497,0.464,0.366,0.00117185669620582,1,Hsf1,0.098,0.045472
3.657972283725e-08,0.336358691202348,0.393,0.307,0.00117896446704457,1,Slc29a2,0.086,0.033798
3.75259051973504e-08,0.315922297746772,0.384,0.296,0.0012094599245106,1,Taf1d,0.088,0.033792
3.9059927936686e-08,0.304930303860632,0.355,0.266,0.00125890147739939,1,Inpp5b,0.089,0.031595
3.90930578835688e-08,0.258832885334948,0.562,0.46,0.00125996925558742,1,Ythdc1,0.102,0.057324
3.97531235534452e-08,0.308488033973442,0.366,0.279,0.00128124317212754,1,Fam91a1,0.087,0.031842
3.98405892457748e-08,0.254695462374608,0.53,0.434,0.00128406219139132,1,G3bp2,0.096,0.05088
4.15922146707029e-08,0.348230813419931,0.345,0.262,0.00134051707883675,1,Naa40,0.083,0.028635
4.19037881569448e-08,0.259540380569931,0.544,0.444,0.00135055909229833,1,Ddx24,0.1,0.0544
4.22280859358259e-08,0.275105714904866,0.505,0.41,0.00136101120971167,1,Rnf146,0.095,0.047975
4.30953668977397e-08,0.359375389208997,0.343,0.263,0.00138896367511415,1,Slc35b1,0.08,0.02744
4.31276369839624e-08,0.381064869116475,0.273,0.198,0.00139000373999311,1,Zfp420,0.075,0.020475
4.31545238586631e-08,0.351971498018845,0.33,0.25,0.00139087030396471,1,Vamp3,0.08,0.0264
4.3541056305842e-08,0.25671805273176,0.525,0.427,0.00140332824473729,1,Actr1b,0.098,0.05145
4.37290243136766e-08,0.323338631792386,0.339,0.253,0.0014093864536298,1,H2afx,0.086,0.029154
4.49228080145178e-08,0.296019140811274,0.437,0.343,0.00144786210230791,1,Wdr59,0.094,0.041078
4.49625255018502e-08,0.256138148942816,0.561,0.466,0.00144914219692463,1,Ccdc117,0.095,0.053295
4.5582760888291e-08,0.397418402354023,0.298,0.221,0.00146913238342962,1,Bach1,0.077,0.022946
4.64284391096586e-08,0.347098899454003,0.356,0.275,0.0014963885925043,1,Ggcx,0.081,0.028836
4.66233171663235e-08,0.277807632412373,0.443,0.346,0.00150266951227061,1,Odf2,0.097,0.042971
5.01933386111852e-08,0.320439747687048,0.397,0.311,0.0016177313034385,1,Slc30a1,0.086,0.034142
5.04743151350261e-08,0.310499360808255,0.39,0.301,0.00162678717680189,1,Traf3ip1,0.089,0.03471
5.34879602016173e-08,0.32712620786385,0.344,0.261,0.00172391695729813,1,Arf4,0.083,0.028552
5.35299696883798e-08,0.331020146909259,0.366,0.283,0.00172527092305648,1,Rufy1,0.083,0.030378
5.44414983277857e-08,0.320409096807437,0.361,0.276,0.00175464949110453,1,Ifngr1,0.085,0.030685
5.50093936294773e-08,0.333774653548169,0.365,0.281,0.00177295275667806,1,Taf8,0.084,0.03066
5.55944171982215e-08,0.330374529857303,0.321,0.24,0.00179180806629868,1,Zfp346,0.081,0.026001
5.58377357070657e-08,0.315559913190855,0.328,0.244,0.00179965022183873,1,Prkn,0.084,0.027552
5.60454617671716e-08,0.377734727677695,0.325,0.247,0.00180634523275594,1,Rdh11,0.078,0.02535
5.70365848575435e-08,0.255931283106828,0.553,0.45,0.00183828912995863,1,Med6,0.103,0.056959
5.724418304392e-08,0.366058061950303,0.289,0.213,0.00184498001950554,1,Denr,0.076,0.021964
5.92172257514084e-08,0.324890298598991,0.364,0.28,0.00190857118596789,1,Tox4,0.084,0.030576
6.00459040839393e-08,0.366853088634261,0.282,0.206,0.00193527948862536,1,Chst3,0.076,0.021432
6.0562628954266e-08,0.369561177883421,0.264,0.19,0.00195193353119599,1,Zfp61,0.074,0.019536
6.0870435339906e-08,0.356656072436826,0.273,0.198,0.00196185413100517,1,Zbtb39,0.075,0.020475
6.12692889386871e-08,0.324962102498505,0.382,0.298,0.00197470918249388,1,Anxa7,0.084,0.032088
6.22254395387373e-08,0.390211050544833,0.317,0.241,0.0020055259163335,1,Bdp1,0.076,0.024092
6.71631918905795e-08,0.420037087783691,0.418,0.341,0.00216466967463338,1,Twsg1,0.077,0.032186
6.80501129994981e-08,0.349567990343388,0.299,0.221,0.00219325514197382,1,Fam50a,0.078,0.023322
6.91176733036963e-08,0.290818662839102,0.415,0.322,0.00222766261057813,1,Tigd2,0.093,0.038595
6.99953633447939e-08,0.36554615218742,0.338,0.258,0.00225595056060271,1,Slc31a1,0.08,0.02704
7.07715142154898e-08,0.323424797602569,0.377,0.292,0.00228096590316524,1,Cdv3,0.085,0.032045
7.34511764872923e-08,0.315215075179315,0.366,0.277,0.00236733141818543,1,Pmpca,0.089,0.032574
7.36399037053081e-08,0.327919301343759,0.343,0.26,0.00237341409642208,1,Hmgcl,0.083,0.028469
7.49873482876818e-08,0.342417893970119,0.334,0.253,0.00241684223531198,1,Dxo,0.081,0.027054
7.51315530952244e-08,0.319842165588741,0.279,0.202,0.00242148995625908,1,Maml1,0.077,0.021483
7.65227403405528e-08,0.312733599228008,0.441,0.356,0.00246632792117602,1,Btg1,0.085,0.037485
7.77329200826382e-08,0.327959638771643,0.351,0.269,0.00250533201426343,1,Zbtb7b,0.082,0.028782
7.88354525704197e-08,0.308381340997268,0.362,0.277,0.00254086663634463,1,Brd9,0.085,0.03077
8.04968037950262e-08,0.310951118350863,0.347,0.265,0.0025944119863137,1,Rbm4b,0.082,0.028454
8.13652141654454e-08,0.344024627711517,0.361,0.282,0.00262240085255231,1,Sav1,0.079,0.028519
8.24726071271962e-08,0.258756692299033,0.522,0.424,0.00265809212770953,1,Zfp598,0.098,0.051156
8.26440561920545e-08,0.309384193681015,0.428,0.343,0.00266361793106992,1,Sh3gl1,0.085,0.03638
8.80798395563038e-08,0.273894183052189,0.424,0.332,0.00283881322889967,1,Rufy2,0.092,0.039008
8.91931519891293e-08,0.267019619191549,0.51,0.417,0.00287469528860964,1,Ppp4r2,0.093,0.04743
8.98218865589301e-08,0.344289930271612,0.31,0.232,0.00289495940379432,1,Cep135,0.078,0.02418
9.51544237733564e-08,0.331480260601732,0.348,0.268,0.00306682707821528,1,Ing3,0.08,0.02784
9.73958712915226e-08,0.339640843402626,0.282,0.207,0.00313906893172577,1,Flvcr1,0.075,0.02115
1.00233236208191e-07,0.29603720241691,0.414,0.326,0.00323051720298999,1,Slc9a7,0.088,0.036432
1.0024789483151e-07,0.370898421727132,0.283,0.209,0.00323098965041956,1,Riok1,0.074,0.020942
1.03167149608026e-07,0.343889857120797,0.337,0.255,0.00332507723186667,1,Zfpl1,0.082,0.027634
1.03569565737345e-07,0.420258379907483,0.261,0.192,0.00333804710371463,1,Fam210a,0.069,0.018009
1.05051583067284e-07,0.263129098800046,0.471,0.377,0.00338581252225858,1,Nop58,0.094,0.044274
1.06314199263851e-07,0.324448177773877,0.384,0.303,0.00342650664227392,1,Msl1,0.081,0.031104
1.07588632782317e-07,0.293180013044469,0.323,0.24,0.00346758163457408,1,Map1s,0.083,0.026809
1.11236175702495e-07,0.27961103575278,0.457,0.364,0.00358514194289142,1,Mphosph8,0.093,0.042501
1.13982461812476e-07,0.370119578386516,0.264,0.192,0.00367365474421611,1,Diablo,0.072,0.019008
1.14899466416357e-07,0.321121628064728,0.342,0.259,0.00370320980259918,1,Tiparp,0.083,0.028386
1.16324314580829e-07,0.335584782462143,0.361,0.279,0.00374913265894013,1,Mapkapk2,0.082,0.029602
1.16927066753408e-07,0.470370794846121,0.253,0.186,0.00376855936146234,1,Cdkn2aipnl,0.067,0.016951
1.17813523575787e-07,0.321320204749298,0.355,0.273,0.00379712986484762,1,Sars,0.082,0.02911
1.18875566652854e-07,0.405999673580737,0.251,0.182,0.00383135951322149,1,Sap30,0.069,0.017319
1.20093177799498e-07,0.379457713090222,0.287,0.213,0.00387060312047781,1,Pign,0.074,0.021238
1.20798835060974e-07,0.326383410371492,0.335,0.255,0.00389334645401518,1,DEPRECATED-ENSMUSG00000026634,0.08,0.0268
1.2173905339709e-07,0.263218475316977,0.534,0.44,0.0039236496909882,1,Slc7a8,0.094,0.050196
1.23084541185983e-07,0.279713681812072,0.392,0.302,0.00396701476242423,1,Ppp1r12b,0.09,0.03528
1.23563158700849e-07,0.318899436290869,0.324,0.245,0.00398244060492835,1,Ldb1,0.079,0.025596
1.26933639640211e-07,0.264923378744351,0.453,0.355,0.00409107120560402,1,Rab12,0.098,0.044394
1.28627711254976e-07,0.280471213086358,0.425,0.335,0.00414567113374788,1,Tor1aip2,0.09,0.03825
1.32398381726619e-07,0.317430291275896,0.395,0.314,0.00426719984304893,1,Qk,0.081,0.031995
1.33856268456631e-07,0.344041480998915,0.306,0.23,0.00431418753235723,1,Atf1,0.076,0.023256
1.42818050570249e-07,0.253926743613884,0.461,0.362,0.00460302576987913,1,Stk36,0.099,0.045639
1.42938973368395e-07,0.258890854214705,0.471,0.378,0.00460692311166338,1,Pogz,0.093,0.043803
1.45206766135667e-07,0.365782747908775,0.283,0.211,0.00468001407255255,1,Tmem248,0.072,0.020376
1.49980603472382e-07,0.320009028253198,0.361,0.277,0.00483387484991488,1,Cebpg,0.084,0.030324
1.50386888038587e-07,0.280521803345184,0.406,0.317,0.00484696940148367,1,Rce1,0.089,0.036134
1.52779834697108e-07,0.356543881771681,0.3,0.225,0.00492409407228778,1,Ss18l1,0.075,0.0225
1.59316543016627e-07,0.343793282998847,0.327,0.25,0.00513477218142589,1,Wbp11,0.077,0.025179
1.69113268379852e-07,0.316463772373947,0.364,0.283,0.00545052063988263,1,Cdc42ep3,0.081,0.029484
1.70120845894253e-07,0.312741716922474,0.321,0.241,0.00548299486317177,1,Mob1a,0.08,0.02568
1.70176137617982e-07,0.322726089000631,0.323,0.243,0.00548477691542757,1,Hinfp,0.08,0.02584
1.70610880242406e-07,0.371555762776,0.254,0.183,0.00549878867021276,1,Lrrc41,0.071,0.018034
1.71278060028754e-07,0.292721744572894,0.333,0.249,0.00552029187472673,1,Txlna,0.084,0.027972
1.72596241115907e-07,0.318500371241234,0.304,0.227,0.0055627768511657,1,Acad9,0.077,0.023408
1.73670549646514e-07,0.308497225682884,0.323,0.241,0.00559740181510714,1,Zfp692,0.082,0.026486
1.75807989956352e-07,0.299509067178733,0.341,0.259,0.00566629151629321,1,Tigar,0.082,0.027962
1.82309094640896e-07,0.310148021613567,0.343,0.261,0.00587582212027607,1,Cdk20,0.082,0.028126
1.8738235532371e-07,0.2798584163026,0.427,0.337,0.00603933331208318,1,Ilf3,0.09,0.03843
1.94801071898766e-07,0.284361251643235,0.395,0.308,0.00627843854729724,1,Ykt6,0.087,0.034365
1.97578509563117e-07,0.321933187860923,0.325,0.245,0.00636795536321927,1,Prkaa1,0.08,0.026
2.00122939543797e-07,0.303857974200081,0.344,0.263,0.00644996234149659,1,Rbm48,0.081,0.027864
2.00641572357998e-07,0.35630845743016,0.288,0.215,0.00646667787709828,1,Cers2,0.073,0.021024
2.04742043680508e-07,0.286096893759398,0.422,0.334,0.00659883606782278,1,Cdan1,0.088,0.037136
2.06267090857111e-07,0.290568849839334,0.467,0.385,0.00664798833832468,1,Fnip2,0.082,0.038294
2.08198605458107e-07,0.28530769388722,0.419,0.332,0.00671024105391479,1,Mob2,0.087,0.036453
2.08685130608673e-07,0.284120020764734,0.37,0.285,0.00672592175951754,1,Snx17,0.085,0.03145
2.1157242375321e-07,0.318582633439511,0.31,0.234,0.00681897921756594,1,Wdr43,0.076,0.02356
2.12682976857354e-07,0.297887767706824,0.356,0.274,0.0068547723441125,1,Zbtb7a,0.082,0.029192
2.21551314803566e-07,0.276748919148423,0.461,0.375,0.00714059887611895,1,Mtmr4,0.086,0.039646
2.24641039573492e-07,0.301028917662535,0.388,0.307,0.00724018070545365,1,Oat,0.081,0.031428
2.25270346621857e-07,0.252986075254374,0.452,0.359,0.00726046327162245,1,Brwd3,0.093,0.042036
2.27729834078391e-07,0.333031282287385,0.29,0.217,0.00733973255234654,1,Tgs1,0.073,0.02117
2.33431172487272e-07,0.303388931797854,0.324,0.244,0.00752348668926479,1,Gnai3,0.08,0.02592
2.36830805254069e-07,0.280153641847873,0.413,0.326,0.00763305685333864,1,Cep85,0.087,0.035931
2.58368403546086e-07,0.302654140181428,0.316,0.239,0.00832721364629034,1,Bag5,0.077,0.024332
2.884217904067e-07,0.300204229302848,0.395,0.311,0.00929583430480794,1,Ints7,0.084,0.03318
2.96819028885008e-07,0.289111268007597,0.367,0.285,0.00956647730096382,1,Rbm3,0.082,0.030094
3.00070676070499e-07,0.322483454301689,0.282,0.208,0.00967127788975217,1,N4bp2l1,0.074,0.020868
3.01421445994171e-07,0.367900962247947,0.264,0.195,0.00971481320439215,1,Snx18,0.069,0.018216
3.08955602946211e-07,0.31280613426522,0.329,0.252,0.00995763908295639,1,Srpr,0.077,0.025333
3.13448558273013e-07,0.318718557896073,0.328,0.251,0.0101024470331392,1,Zfp318,0.077,0.025256
3.38651804312802e-07,0.285166896038301,0.423,0.336,0.0109147476530016,1,Kctd15,0.087,0.036801
3.40428919132458e-07,0.257237962601628,0.521,0.433,0.0109720240636391,1,Cep89,0.088,0.045848
3.49398719365271e-07,0.327133802664914,0.27,0.199,0.0112611207251427,1,Tbl2,0.071,0.01917
3.51403423182502e-07,0.338217183945917,0.339,0.267,0.0113257323291721,1,Tmem251,0.072,0.024408
3.51443507197046e-07,0.345883110846747,0.313,0.241,0.0113270242369608,1,Ssna1,0.072,0.022536
3.52169078365692e-07,0.323560898326298,0.278,0.206,0.0113504093957263,1,Wdr45b,0.072,0.020016
3.55194797534946e-07,0.402610746548331,0.259,0.193,0.0114479283245513,1,Meig1,0.066,0.017094
3.61630319565614e-07,0.314843256239648,0.303,0.227,0.0116553451995998,1,Eif2b1,0.076,0.023028
3.64144620558698e-07,0.285071199647199,0.433,0.352,0.0117363811206068,1,Bcor,0.081,0.035073
3.65113242834725e-07,0.276865473928152,0.38,0.297,0.0117675998165632,1,Nploc4,0.083,0.03154
3.6694614975817e-07,0.285335895450476,0.359,0.278,0.0118266744067058,1,Lmbrd2,0.081,0.029079
3.6704047413467e-07,0.254094626463556,0.426,0.336,0.0118297144813604,1,Syvn1,0.09,0.03834
3.76190141483998e-07,0.256776254221814,0.471,0.383,0.0121246082600293,1,Gmcl1,0.088,0.041448
3.76879323559166e-07,0.307962489983675,0.285,0.211,0.0121468205983119,1,Diaph1,0.074,0.02109
3.80228381627659e-07,0.256072301839914,0.469,0.386,0.0122547607398594,1,Arhgef12,0.083,0.038927
3.89693743009633e-07,0.309800339778433,0.357,0.279,0.0125598293372005,1,Cacul1,0.078,0.027846
3.90679332795731e-07,0.295122488551372,0.333,0.255,0.0125915948960064,1,Gtf2f1,0.078,0.025974
3.906836143048e-07,0.383068424107554,0.256,0.188,0.0125917328890437,1,Reep3,0.068,0.017408
4.15403973059747e-07,0.296340446008946,0.275,0.201,0.0133884700517157,1,Tab1,0.074,0.02035
4.17709087439506e-07,0.3068989481527,0.404,0.324,0.0134627638881753,1,Washc1,0.08,0.03232
4.3039916578349e-07,0.28821329370073,0.398,0.318,0.0138717651132019,1,Rcor3,0.08,0.03184
4.3182019386729e-07,0.334628194988696,0.304,0.23,0.0139175648483428,1,Thap7,0.074,0.022496
4.3342710055536e-07,0.307659525451591,0.38,0.3,0.0139693554508992,1,Zfp410,0.08,0.0304
4.41164721577771e-07,0.256648222909864,0.501,0.414,0.0142187389764516,1,Calcoco1,0.087,0.043587
4.75384414133268e-07,0.30019066282827,0.373,0.294,0.0153216396675152,1,Tent4a,0.079,0.029467
4.82886351201931e-07,0.346833265240093,0.302,0.23,0.0155634270992382,1,Kri1,0.072,0.021744
4.83408951460809e-07,0.287758191924943,0.371,0.288,0.0155802705055819,1,Abl2,0.083,0.030793
4.93428865093934e-07,0.286867229856446,0.432,0.348,0.0159032123219775,1,Ring1,0.084,0.036288
5.10162120116019e-07,0.321434556692885,0.253,0.185,0.0164425251313393,1,Zfp27,0.068,0.017204
5.16589797237412e-07,0.259150004468681,0.427,0.338,0.0166496891649618,1,Dhx38,0.089,0.038003
5.22408427624024e-07,0.320274741028926,0.288,0.214,0.0168372236223223,1,Msantd2,0.074,0.021312
5.27451391189748e-07,0.26290980358501,0.409,0.322,0.0169997583380456,1,Git2,0.087,0.035583
5.27867884302764e-07,0.319258832100491,0.287,0.215,0.0170131819110781,1,Faxc,0.072,0.020664
5.32160514914996e-07,0.379939035769948,0.255,0.189,0.0171515333957103,1,Hmgxb4,0.066,0.01683
5.42378466719806e-07,0.310631587017615,0.318,0.243,0.0174808579823793,1,Rnf25,0.075,0.02385
5.5169826941921e-07,0.293450272055128,0.321,0.244,0.0177812352233811,1,Stk38l,0.077,0.024717
5.52762547784258e-07,0.282041579594818,0.337,0.257,0.0178155369150866,1,Tmpo,0.08,0.02696
5.6457588957642e-07,0.345466813379394,0.279,0.21,0.018196280921048,1,Pycr2,0.069,0.019251
5.66335344245945e-07,0.439354701854632,0.254,0.191,0.0182529881450468,1,Ddx3y,0.063,0.016002
5.68970323708271e-07,0.374004664914766,0.285,0.218,0.0183379135331176,1,Midn,0.067,0.019095
5.98961328507011e-07,0.266069550520656,0.416,0.333,0.019304523617781,1,Gstcd,0.083,0.034528
6.03956885064236e-07,0.403774189206387,0.281,0.215,0.0194655304056203,1,Grb10,0.066,0.018546
6.07268072940525e-07,0.250823419208161,0.495,0.408,0.0195722499908731,1,Itch,0.087,0.043065
6.11009419150613e-07,0.35691095250771,0.266,0.197,0.0196928335792243,1,Mrgbp,0.069,0.018354
6.13083111820194e-07,0.35071044087612,0.272,0.204,0.0197596686939648,1,Ech1,0.068,0.018496
6.14964025967292e-07,0.312364083564303,0.321,0.247,0.0198202905569258,1,Cpox,0.074,0.023754
6.32816499413737e-07,0.291688143595744,0.33,0.254,0.0203956757761047,1,Ube2j2,0.076,0.02508
6.39346407982562e-07,0.306001845228175,0.296,0.223,0.020606134729278,1,Pex11a,0.073,0.021608
6.42425282294109e-07,0.328418265991762,0.269,0.2,0.0207053668483391,1,Hivep1,0.069,0.018561
6.69421595661996e-07,0.278430814208705,0.382,0.301,0.0215754580281861,1,Tsr3,0.081,0.030942
6.74157949841444e-07,0.373997977059579,0.294,0.225,0.0217281107233897,1,Eif5,0.069,0.020286
6.79749541505826e-07,0.294309056139975,0.275,0.205,0.0219083277227328,1,Rcor1,0.07,0.01925
6.86713782485017e-07,0.262878657801657,0.366,0.284,0.0221327852094921,1,Katna1,0.082,0.030012
7.04603697419013e-07,0.271664148942964,0.33,0.249,0.0227093771678148,1,Arhgap17,0.081,0.02673
7.10079446676328e-07,0.334962801584998,0.289,0.218,0.0228858605663781,1,Zfp574,0.071,0.020519
7.18923417690919e-07,0.304830487781046,0.269,0.199,0.0231709017521783,1,Prkrip1,0.07,0.01883
7.27468851673716e-07,0.255968255074566,0.458,0.374,0.0234463210894439,1,Rnf2,0.084,0.038472
7.37019118658404e-07,0.30773962200303,0.339,0.264,0.0237541261943604,1,Mex3b,0.075,0.025425
7.39348963109251e-07,0.278301391397791,0.371,0.288,0.0238292170810112,1,Trim39,0.083,0.030793
7.40103142776162e-07,0.261679748113049,0.407,0.322,0.0238535242916757,1,Nfatc3,0.085,0.034595
7.41351255381064e-07,0.273386769066006,0.413,0.33,0.0238937509609317,1,Rsf1,0.083,0.034279
7.43366369538094e-07,0.282948001139253,0.335,0.256,0.0239586980902128,1,Sart3,0.079,0.026465
7.6391731742396e-07,0.258473350487682,0.39,0.306,0.0246210551405742,1,Unc80,0.084,0.03276
7.65138719371601e-07,0.273706800664385,0.382,0.301,0.0246604209253467,1,Pptc7,0.081,0.030942
7.83577263299286e-07,0.3210686395012,0.299,0.227,0.025254695196136,1,Atg2a,0.072,0.021528
7.99833329101139e-07,0.294677256437611,0.343,0.267,0.0257786281969297,1,Usf3,0.076,0.026068
8.13698459498628e-07,0.361502536018307,0.294,0.226,0.0262255013496408,1,Zfp821,0.068,0.019992
8.2018179583775e-07,0.371559550430294,0.275,0.207,0.0264344592798507,1,Dedd2,0.068,0.0187
8.31630308791493e-07,0.250617791670228,0.38,0.294,0.0268034448523498,1,Trit1,0.086,0.03268
8.49646700920955e-07,0.305114884792431,0.284,0.213,0.0273841131706824,1,Tbc1d12,0.071,0.020164
8.54633416029568e-07,0.27207208305943,0.405,0.326,0.027544834998633,1,Smarcb1,0.079,0.031995
8.72108729125516e-07,0.370201033517768,0.27,0.203,0.0281080643397154,1,Dhx35,0.067,0.01809
8.90389194413519e-07,0.293854479108781,0.318,0.242,0.0286972437359477,1,Ap4e1,0.076,0.024168
9.08579505092513e-07,0.260498531019623,0.433,0.349,0.0292835174491317,1,Thyn1,0.084,0.036372
9.19871013881426e-07,0.273357236816159,0.445,0.365,0.0296474427773984,1,Ppargc1a,0.08,0.0356
9.24751435689081e-07,0.331409747441341,0.27,0.202,0.0298047387722591,1,Mief1,0.068,0.01836
9.29452232581626e-07,0.363321144610538,0.294,0.227,0.0299562454561058,1,Pigc,0.067,0.019698
9.32332231611707e-07,0.346665359110421,0.272,0.205,0.0300490678248453,1,Ppp4r1,0.067,0.018224
9.60729504049001e-07,0.291583800728408,0.294,0.221,0.0309643119154993,1,Sox12,0.073,0.021462
9.73425217214455e-07,0.266845461762121,0.375,0.292,0.0313734947508219,1,Rhbdf2,0.083,0.031125
1.00306548218744e-06,0.277270437758483,0.366,0.289,0.0323288004909011,1,Sbds,0.077,0.028182
1.00322826991026e-06,0.267985939970251,0.391,0.311,0.0323340471392076,1,Zrsr1,0.08,0.03128
1.00592284242149e-06,0.373546100804221,0.271,0.204,0.0324208932112448,1,Cstf2,0.067,0.018157
1.02728239832749e-06,0.278493881755713,0.41,0.331,0.0331093116980951,1,Slc7a6os,0.079,0.03239
1.07278590791571e-06,0.357696969727408,0.25,0.186,0.0345758898121233,1,Ski,0.064,0.016
1.0745053008185e-06,0.255008416265157,0.449,0.365,0.0346313058453803,1,Ccnk,0.084,0.037716
1.08765599834401e-06,0.266480333990056,0.415,0.334,0.0350551528266274,1,Zc3h15,0.081,0.033615
1.11854836222738e-06,0.289880169272291,0.398,0.319,0.0360508137145883,1,Mfap3,0.079,0.031442
1.15198998270598e-06,0.25173111838932,0.454,0.368,0.0371286371426138,1,Mtr,0.086,0.039044
1.16329637856438e-06,0.360856713954831,0.256,0.191,0.03749304228113,1,Phospho2,0.065,0.01664
1.31102611576716e-06,0.283705591082258,0.406,0.329,0.0422543717111755,1,Tmem41b,0.077,0.031262
1.35110296459862e-06,0.312697136885116,0.309,0.24,0.0435460485490135,1,Glmp,0.069,0.021321
1.39629902425922e-06,0.317800849333091,0.296,0.227,0.0450027175518747,1,Coa7,0.069,0.020424
1.40720198705095e-06,0.264564069124164,0.325,0.248,0.0453541200426522,1,Taf1a,0.077,0.025025
1.4417293423186e-06,0.317650108987074,0.269,0.201,0.0464669367029285,1,Nup50,0.068,0.018292
1.45620525636761e-06,0.296422181410945,0.308,0.235,0.0469334954127282,1,Ccdc58,0.073,0.022484
1.4676063323266e-06,0.267948864716488,0.348,0.272,0.0473009520908864,1,Psmd5,0.076,0.026448
1.48633055328873e-06,0.326263735085836,0.349,0.279,0.0479044337324958,1,Sall2,0.07,0.02443
1.52494776383529e-06,0.284179900523883,0.396,0.321,0.0491490664284113,1,Arl5b,0.075,0.0297
1.53661198559764e-06,0.317082825552556,0.369,0.297,0.0495250042958121,1,Sdhd,0.072,0.026568
1.54392649171858e-06,0.258109281258646,0.477,0.395,0.0497607508280899,1,Cfl2,0.082,0.039114
1.55040559981698e-06,0.261509423440431,0.497,0.419,0.0499695724821012,1,Stat3,0.078,0.038766
1.57224474091782e-06,0.255919115217055,0.429,0.348,0.0506734479997812,1,Cep104,0.081,0.034749
1.59668296031012e-06,0.347424175300513,0.253,0.188,0.0514610918107952,1,Fcsk,0.065,0.016445
1.64699681023433e-06,0.263912594130274,0.38,0.302,0.0530827071938524,1,Ppme1,0.078,0.02964
1.68190908922535e-06,0.285116802308804,0.343,0.268,0.0542079299457329,1,Eif4ebp2,0.075,0.025725
1.70000042407694e-06,0.3199039607906,0.302,0.233,0.0547910136679999,1,Cyp51,0.069,0.020838
1.7214736438597e-06,0.304071103508634,0.276,0.208,0.0554830955415981,1,Socs4,0.068,0.018768
1.74545111634015e-06,0.294519435852387,0.33,0.256,0.056255889479643,1,Tbc1d20,0.074,0.02442
1.7749229357529e-06,0.263574802376107,0.38,0.304,0.057205766219316,1,Med4,0.076,0.02888
1.80719415737351e-06,0.300033367231022,0.306,0.234,0.0582458676921482,1,Lrif1,0.072,0.022032
1.82213813830624e-06,0.272420990299372,0.285,0.214,0.0587275121976101,1,Xrcc1,0.071,0.020235
1.85664091877724e-06,0.359016368195883,0.276,0.212,0.0598395368121903,1,Ncdn,0.064,0.017664
2.01638662698262e-06,0.253265302217232,0.322,0.246,0.0649881409876499,1,Zbtb43,0.076,0.024472
2.02080926733975e-06,0.259815339846744,0.441,0.359,0.0651306826863601,1,Entr1,0.082,0.036162
2.07566083697438e-06,0.283702683806259,0.363,0.286,0.0668985487756844,1,Tle4,0.077,0.027951
2.12760704579903e-06,0.264043622041932,0.414,0.335,0.0685727750861027,1,Impact,0.079,0.032706
2.14970751810686e-06,0.372227256227934,0.258,0.197,0.0692850733085841,1,Bcl7a,0.061,0.015738
2.16120780547292e-06,0.26324425252519,0.376,0.299,0.0696557275703923,1,Eif2b5,0.077,0.028952
2.23751168866722e-06,0.324572526590105,0.275,0.21,0.0721150017257445,1,Gramd1a,0.065,0.017875
2.37717770810342e-06,0.295078082035001,0.289,0.219,0.0766164375321732,1,Ints2,0.07,0.02023
2.38399362716044e-06,0.270558297974102,0.4,0.325,0.0768361146033811,1,Plrg1,0.075,0.03
2.48858262450316e-06,0.277334658634814,0.313,0.24,0.080207017987737,1,Ercc6,0.073,0.022849
2.50074027029543e-06,0.256516196579771,0.433,0.352,0.0805988589116218,1,Nfya,0.081,0.035073
2.6192147458162e-06,0.265828376006731,0.379,0.3,0.0844172912576562,1,Tfip11,0.079,0.029941
2.65794524453809e-06,0.305849478644305,0.261,0.196,0.0856655752314626,1,Dennd4b,0.065,0.016965
2.79211350168755e-06,0.273480837667403,0.404,0.323,0.0899898181593899,1,Iqcg,0.081,0.032724
2.82324013321943e-06,0.271088313242383,0.368,0.293,0.0909930294936621,1,Ccny,0.075,0.0276
2.82449253231959e-06,0.283958863717879,0.267,0.2,0.0910333943166604,1,Akap13,0.067,0.017889
2.82863589911593e-06,0.271032352846991,0.371,0.294,0.0911669350285063,1,Gga3,0.077,0.028567
2.83693080856394e-06,0.274603551488773,0.375,0.3,0.0914342799600158,1,Zfp68,0.075,0.028125
2.84098319476025e-06,0.278423019936339,0.265,0.198,0.0915648883671227,1,Twistnb,0.067,0.017755
2.97561944584991e-06,0.289356819483973,0.342,0.269,0.0959042147397427,1,Larp1,0.073,0.024966
2.98371113737319e-06,0.326754587671436,0.259,0.195,0.0961650099575378,1,Heatr3,0.064,0.016576
3.0102313507316e-06,0.36076669131054,0.253,0.192,0.0970197564340794,1,Epm2a,0.061,0.015433
3.02762689692622e-06,0.293930835079362,0.301,0.232,0.0975804148879321,1,Ints12,0.069,0.020769
3.07545806639577e-06,0.258393833480049,0.323,0.251,0.0991220134799357,1,Gnl3l,0.072,0.023256
3.22258036291059e-06,0.316602371622571,0.286,0.221,0.103863765096608,1,Rars,0.065,0.01859
3.24422736351805e-06,0.254410338609425,0.38,0.303,0.104561447926187,1,Arf2,0.077,0.02926
3.24673442301731e-06,0.261906021868587,0.303,0.232,0.104642250453848,1,Chmp1a,0.071,0.021513
3.24943760085359e-06,0.302459685195461,0.294,0.227,0.104729373875511,1,Ddx18,0.067,0.019698
3.3217685953072e-06,0.283121216987725,0.363,0.287,0.107060601826751,1,Tbk1,0.076,0.027588
3.33569543743935e-06,0.279573536508278,0.286,0.218,0.10750946394867,1,Nkiras1,0.068,0.019448
3.35468247196881e-06,0.283372674916025,0.317,0.245,0.108121416071555,1,Utp14b,0.072,0.022824
3.35653548943033e-06,0.300903860373253,0.251,0.188,0.108181138824339,1,Nt5c2,0.063,0.015813
3.44037070551133e-06,0.350924258707469,0.272,0.209,0.11088314783863,1,Haus8,0.063,0.017136
3.45090875989393e-06,0.289612402460265,0.287,0.219,0.111222789331381,1,Pcsk7,0.068,0.019516
3.60075315966715e-06,0.298380570878405,0.338,0.269,0.116052274336072,1,Zfp865,0.069,0.023322
3.66933990294412e-06,0.295338675710399,0.31,0.242,0.118262825071889,1,Tspyl2,0.068,0.02108
3.73725356227082e-06,0.270739420694419,0.346,0.274,0.120451682311988,1,Usp14,0.072,0.024912
3.80932940784585e-06,0.253351486029818,0.362,0.287,0.122774686814872,1,Fam162a,0.075,0.02715
3.85387604035306e-06,0.345818188369697,0.266,0.203,0.124210424780579,1,Foxo1,0.063,0.016758
3.8604077050151e-06,0.318685730181687,0.252,0.189,0.124420940332637,1,Spindoc,0.063,0.015876
3.9535328665468e-06,0.294935500958527,0.314,0.245,0.127422364288803,1,Fbxo22,0.069,0.021666
4.04011105715105e-06,0.321257998127454,0.283,0.218,0.130212779371978,1,Gpank1,0.065,0.018395
4.10401552698647e-06,0.292290666623183,0.271,0.206,0.132272420434774,1,Ccnyl1,0.065,0.017615
4.25212567723913e-06,0.281048218777096,0.39,0.318,0.137046010577417,1,Sec23ip,0.072,0.02808
4.2996973727152e-06,0.326390740960435,0.296,0.231,0.138579246322611,1,Mlf1,0.065,0.01924
4.49236391780464e-06,0.276261220142872,0.29,0.223,0.144788889070843,1,Zfp768,0.067,0.01943
4.52645221078646e-06,0.278776212089643,0.358,0.289,0.145887554753647,1,Edrf1,0.069,0.024702
4.79369994005815e-06,0.262872654805427,0.337,0.264,0.154500949068074,1,Znhit6,0.073,0.024601
4.95255214761681e-06,0.278834804569585,0.259,0.195,0.15962075571769,1,Kif13b,0.064,0.016576
4.96977159719417e-06,0.266196224212861,0.362,0.289,0.160175738577568,1,Rabl6,0.073,0.026426
5.03008920527472e-06,0.293927417341294,0.324,0.257,0.162119775086004,1,Dda1,0.067,0.021708
5.18639164014017e-06,0.313608878635652,0.261,0.199,0.167157402561718,1,Zfp579,0.062,0.016182
5.3590811539293e-06,0.292092372253941,0.295,0.227,0.172723185591141,1,Arl14ep,0.068,0.02006
5.3844468533897e-06,0.253050823708853,0.36,0.286,0.17354072208475,1,Mynn,0.074,0.02664
5.49477319057573e-06,0.3301057025952,0.286,0.222,0.177096539932256,1,Usb1,0.064,0.018304
5.7184375686197e-06,0.25645095807697,0.356,0.283,0.184305242836613,1,Sesn3,0.073,0.025988
5.72494878116423e-06,0.286971114051053,0.324,0.256,0.184515099216923,1,Aptx,0.068,0.022032
5.7640255929944e-06,0.256156277556891,0.338,0.264,0.18577454486221,1,Cnot11,0.074,0.025012
5.84382701199078e-06,0.256054851971854,0.404,0.329,0.188346544596463,1,Pgm1,0.075,0.0303
6.02083584930194e-06,0.320371580235427,0.256,0.194,0.194051539423001,1,Luzp1,0.062,0.015872
6.26093810536248e-06,0.28677867610387,0.292,0.225,0.201790035135833,1,Hbs1l,0.067,0.019564
6.40449452210173e-06,0.277606307221274,0.334,0.265,0.206416858447339,1,Phf1,0.069,0.023046
6.58126073620478e-06,0.296310503943443,0.325,0.257,0.21211403352788,1,Fh1,0.068,0.0221
7.00452610969891e-06,0.266898738612529,0.353,0.284,0.225755876515596,1,Rabl3,0.069,0.024357
7.01663079786868e-06,0.2570133702705,0.289,0.221,0.226146010615308,1,Rfx2,0.068,0.019652
7.15138642251827e-06,0.301342291704993,0.259,0.197,0.230489184397764,1,Nubp1,0.062,0.016058
7.22472229838488e-06,0.293093301788964,0.262,0.2,0.232852799676945,1,Polr2d,0.062,0.016244
7.23276833868938e-06,0.289949414507804,0.315,0.247,0.233112123555959,1,Slc30a5,0.068,0.02142
7.2336746652793e-06,0.264749663259857,0.34,0.269,0.233141334461952,1,Ddx55,0.071,0.02414
7.4931052381918e-06,0.294842646860937,0.291,0.227,0.241502781826922,1,Exosc7,0.064,0.018624
7.82470262607064e-06,0.267774294929436,0.297,0.23,0.252190165638257,1,Pawr,0.067,0.019899
8.05604097491765e-06,0.256274710344177,0.284,0.217,0.259646200621596,1,Tmem68,0.067,0.019028
8.30852357171573e-06,0.257987790120328,0.317,0.247,0.267783714716398,1,Pla2g4b,0.07,0.02219
8.38363179106441e-06,0.26556413649757,0.266,0.202,0.270204452626006,1,Lrrcc1,0.064,0.017024
8.5111249309504e-06,0.250008409547019,0.276,0.21,0.274313556524531,1,Hdac10,0.066,0.018216
8.68457232231384e-06,0.255242804600669,0.423,0.35,0.279903765948175,1,Urod,0.073,0.030879
8.73234187272229e-06,0.291403827841873,0.309,0.245,0.281443378557839,1,Rgmb,0.064,0.019776
8.79820172576516e-06,0.251708904493251,0.321,0.251,0.283566041621411,1,Rai1,0.07,0.02247
8.82649580071988e-06,0.250630455490556,0.399,0.323,0.284477959657202,1,Kat8,0.076,0.030324
8.93056912793862e-06,0.297229497982906,0.321,0.255,0.287832242993462,1,Mterf4,0.066,0.021186
9.09853056123325e-06,0.300017587517872,0.251,0.191,0.293245639988548,1,Snx6,0.06,0.01506
9.16298672556044e-06,0.373464859262475,0.26,0.202,0.295323062164813,1,Zfp472,0.058,0.01508
9.1750582035087e-06,0.251126758254845,0.328,0.258,0.295712125899086,1,Trim25,0.07,0.02296
9.2645569040216e-06,0.30437016385126,0.303,0.239,0.298596669016616,1,Cc2d1a,0.064,0.019392
9.35472276697533e-06,0.288623433671409,0.285,0.222,0.301502714779615,1,Gsr,0.063,0.017955
9.37238494206393e-06,0.295423949788699,0.281,0.218,0.30207196668272,1,Isy1,0.063,0.017703
9.43334342781542e-06,0.269512593413946,0.303,0.235,0.304036658678491,1,Tubgcp3,0.068,0.020604
9.57162104849644e-06,0.264615408244891,0.34,0.271,0.30849334639304,1,Gpatch11,0.069,0.02346
9.58373509894387e-06,0.275266447563109,0.316,0.248,0.308883782238961,1,Tlk1,0.068,0.021488
9.70897349164596e-06,0.259257425909542,0.354,0.285,0.312920215635749,1,Xab2,0.069,0.024426
9.75970062174307e-06,0.303285540590061,0.294,0.231,0.314555151038779,1,Zw10,0.063,0.018522
9.86354629977685e-06,0.283699072580583,0.285,0.222,0.317902097241808,1,Myo18a,0.063,0.017955
9.98536174126656e-06,0.272226912127654,0.304,0.239,0.321828208921021,1,Tex9,0.065,0.01976
1.00194172882758e-05,0.253110160980452,0.307,0.238,0.322925819201129,1,Heatr6,0.069,0.021183
1.00551011482226e-05,0.314648434943202,0.287,0.224,0.324075910007215,1,Mavs,0.063,0.018081
1.01458048401114e-05,0.276372049630158,0.286,0.221,0.326999289996792,1,Donson,0.065,0.01859
1.07951081565633e-05,0.31932462471898,0.317,0.253,0.347926335886035,1,Asb8,0.064,0.020288
1.08641691526762e-05,0.277585071195409,0.351,0.28,0.350152171790755,1,Zfp446,0.071,0.024921
1.08890012018811e-05,0.265045149740588,0.342,0.273,0.350952508736627,1,Fbxo28,0.069,0.023598
1.10041952032858e-05,0.301523308727505,0.281,0.218,0.354665211401903,1,Phf21a,0.063,0.017703
1.11361829783296e-05,0.273541276281913,0.293,0.228,0.358919177391562,1,Fubp3,0.065,0.019045
1.18048200653907e-05,0.256717528807095,0.359,0.288,0.380469350707543,1,Nelfa,0.071,0.025489
1.18881729591629e-05,0.254306407337713,0.348,0.28,0.38315581447382,1,Ube2o,0.068,0.023664
1.23019708619298e-05,0.250671955019623,0.357,0.287,0.396492520879999,1,Tbl1x,0.07,0.02499
1.33490929566126e-05,0.265303815946243,0.275,0.211,0.430241265991625,1,Naa16,0.064,0.0176
1.3443173877421e-05,0.252108812547572,0.324,0.257,0.433273494069278,1,Klhl21,0.067,0.021708
1.40168442181385e-05,0.293862284723201,0.299,0.238,0.451762889150604,1,Smarcd2,0.061,0.018239
1.43627720343669e-05,0.261979757946417,0.31,0.245,0.462912142667645,1,Tarbp2,0.065,0.02015
1.44354189851582e-05,0.284766779835956,0.285,0.222,0.46525355389165,1,Snx1,0.063,0.017955
1.47440643740626e-05,0.252548258072101,0.301,0.234,0.475201194776036,1,Mettl14,0.067,0.020167
1.49180835501868e-05,0.257902917651351,0.326,0.258,0.480809832822519,1,Kctd5,0.068,0.022168
1.52550077519242e-05,0.250597451229337,0.3,0.234,0.491668899844517,1,Lsg1,0.066,0.0198
1.55966408786703e-05,0.262087638898124,0.371,0.301,0.502679735519545,1,Ercc3,0.07,0.02597
1.6537709561138e-05,0.27395282309323,0.28,0.218,0.533010379155477,1,Arsg,0.062,0.01736
1.68775397502371e-05,0.304418206069123,0.254,0.195,0.543963106150143,1,Ddx49,0.059,0.014986
1.70392339795779e-05,0.261983734184018,0.287,0.224,0.549174511161797,1,Cog6,0.063,0.018081
1.81935950817308e-05,0.25674124432108,0.395,0.325,0.586379569484184,1,Etfb,0.07,0.02765
1.84748036767769e-05,0.256914317024511,0.335,0.268,0.595442922502519,1,Syt14,0.067,0.022445
1.85005136270473e-05,0.26647485872429,0.27,0.207,0.596271554199736,1,Nufip1,0.063,0.01701
1.91713155316328e-05,0.262091953719314,0.347,0.28,0.617891499584526,1,Slc25a17,0.067,0.023249
1.93368417410696e-05,0.263525166587912,0.289,0.226,0.623226409314672,1,Coq7,0.063,0.018207
1.96504780077871e-05,0.263061783737441,0.261,0.201,0.633334906190978,1,Per3,0.06,0.01566
1.96671156920368e-05,0.284290521462155,0.253,0.194,0.633871138754345,1,Thop1,0.059,0.014927
2.02827836391845e-05,0.291111720513606,0.251,0.193,0.653714116690916,1,Ercc1,0.058,0.014558
2.03013091904274e-05,0.296383421508478,0.275,0.215,0.654311195207474,1,Pex1,0.06,0.0165
2.04786043202546e-05,0.282654966786537,0.294,0.232,0.660025417241807,1,Srfbp1,0.062,0.018228
2.11766551157173e-05,0.254226923678179,0.27,0.207,0.682523594379568,1,DEPRECATED-ENSMUSG00000015971,0.063,0.01701
2.13687075423623e-05,0.310528516135737,0.255,0.197,0.688713444090339,1,Slx4,0.058,0.01479
2.15766703598394e-05,0.252720994214025,0.313,0.248,0.695416085697624,1,Lta4h,0.065,0.020345
2.20393981748762e-05,0.258426593180186,0.288,0.224,0.710329803176261,1,Vcl,0.064,0.018432
2.27644115618694e-05,0.272328703550035,0.304,0.242,0.733696984639049,1,Arl4a,0.062,0.018848
2.30787487308459e-05,0.260050124660663,0.313,0.249,0.743828071595163,1,Hook2,0.064,0.020032
2.31713797209852e-05,0.256117338996217,0.267,0.205,0.746813568407354,1,Actr5,0.062,0.016554
2.33943290134093e-05,0.282160869699794,0.273,0.212,0.753999224102181,1,Pdss1,0.061,0.016653
2.38622533593923e-05,0.2759616801181,0.316,0.254,0.769080425773213,1,Eif2b2,0.062,0.019592
2.4633464664844e-05,0.283340570203372,0.27,0.209,0.793936566147923,1,Ogfod2,0.061,0.01647
2.52747634007421e-05,0.27140916706085,0.339,0.277,0.814605624405919,1,Usp38,0.062,0.021018
2.61610894028089e-05,0.292362222989778,0.292,0.232,0.843171911452531,1,Psmg3,0.06,0.01752
2.64966799426763e-05,0.279539373125732,0.284,0.223,0.853987994552456,1,Cmas,0.061,0.017324
2.72444733377984e-05,0.272739629805842,0.254,0.195,0.878089375677242,1,Spg20,0.059,0.014986
2.76362012980809e-05,0.264978729113442,0.251,0.193,0.890714767837149,1,Gtpbp3,0.058,0.014558
2.85523177486425e-05,0.25688727939159,0.287,0.225,0.920241201038748,1,Pstk,0.062,0.017794
2.86170553738803e-05,0.327963223153868,0.256,0.2,0.922327694700162,1,Cep95,0.056,0.014336
3.0162983352311e-05,0.269288732318324,0.296,0.235,0.972152953444985,1,Zfp770,0.061,0.018056
3.07147051847319e-05,0.264206066318455,0.339,0.274,0.989934948103908,1,Samm50,0.065,0.022035
3.13383551529251e-05,0.273999753229217,0.297,0.237,1,1,Zc3h18,0.06,0.01782
3.15711926791642e-05,0.251490365109358,0.319,0.255,1,1,Stk19,0.064,0.020416
3.28635028660328e-05,0.286527060717578,0.277,0.219,1,1,Zfp763,0.058,0.016066
3.61548837270034e-05,0.296678471117489,0.25,0.193,1,1,Ttll4,0.057,0.01425
3.70344462415693e-05,0.253847413152156,0.261,0.201,1,1,Tmem115,0.06,0.01566
3.91668679972485e-05,0.273359004245914,0.321,0.259,1,1,Zfp777,0.062,0.019902
4.04898684037449e-05,0.26537812264905,0.295,0.235,1,1,Oser1,0.06,0.0177
4.10342368010267e-05,0.256691212631473,0.311,0.249,1,1,Acsf3,0.062,0.019282
4.64134758934748e-05,0.283042436225491,0.258,0.201,1,1,Thumpd1,0.057,0.014706
4.76894884662794e-05,0.289050961571537,0.27,0.214,1,1,Med10,0.056,0.01512
4.8159743267175e-05,0.281942563428,0.265,0.208,1,1,Ccser2,0.057,0.015105
4.83420064054203e-05,0.280341056629706,0.292,0.233,1,1,Trp53bp2,0.059,0.017228
4.86230234179069e-05,0.308444993923525,0.26,0.204,1,1,Gnl3,0.056,0.01456
4.97071250396472e-05,0.254509265960693,0.349,0.285,1,1,Cant1,0.064,0.022336
5.09198320387341e-05,0.251215270184468,0.357,0.295,1,1,Dhcr7,0.062,0.022134
5.41134749647259e-05,0.262378360010415,0.307,0.245,1,1,Tinf2,0.062,0.019034
5.85795905946751e-05,0.278106304162083,0.264,0.207,1,1,Zfp119a,0.057,0.015048
5.94356025589958e-05,0.287609456255236,0.261,0.206,1,1,Ywhah,0.055,0.014355
6.08624867384119e-05,0.252602083059796,0.3,0.24,1,1,Slc35a3,0.06,0.018
6.15832679116285e-05,0.267918520388947,0.259,0.203,1,1,Zbtb9,0.056,0.014504
6.43400169824047e-05,0.267848704304401,0.333,0.273,1,1,Arpc5l,0.06,0.01998
6.48281704248348e-05,0.260147704286069,0.285,0.227,1,1,Prkacb,0.058,0.01653
7.19858297045887e-05,0.267995583983748,0.252,0.198,1,1,Casp8ap2,0.054,0.013608
7.50116439118833e-05,0.26171669308703,0.263,0.208,1,1,Sub1,0.055,0.014465
7.64516081818277e-05,0.278463703229331,0.275,0.219,1,1,Dis3,0.056,0.0154
8.4392234181144e-05,0.251629558465474,0.313,0.253,1,1,Ttf1,0.06,0.01878
8.81497364538956e-05,0.271447906532793,0.269,0.214,1,1,Cnot9,0.055,0.014795
9.54797293010044e-05,0.261694487063491,0.313,0.255,1,1,Twf1,0.058,0.018154
0.000102276749631393,0.269615743104152,0.267,0.212,1,1,Yipf6,0.055,0.014685
0.000104545123327893,0.280151580819175,0.253,0.2,1,1,Yju2,0.053,0.013409
0.000107208617743131,0.291687230584889,0.253,0.2,1,1,Map3k13,0.053,0.013409
0.000107864487892952,0.251146269062806,0.27,0.215,1,1,Wasf1,0.055,0.01485
0.000129001351391639,0.282421870588188,0.39,0.332,1,1,Hspa1b,0.058,0.02262
0.00020329469685571,0.252741058040159,0.307,0.252,1,1,Wdr70,0.055,0.016885
0.000203631322921,0.280281934097066,0.251,0.201,1,1,Dcaf5,0.05,0.01255
0.000229103317592014,0.252130661721493,0.262,0.211,1,1,Actr6,0.051,0.013362
0.000280853892110153,0.263428082697012,0.26,0.209,1,1,Pde12,0.051,0.01326
0.000365290889511625,0.252212387805254,0.253,0.203,1,1,Rpap1,0.05,0.01265
