,p_val,avg_log2FC,pct.1,pct.2,p_val_adj,gene,pct.1_pct.2
1,0,5.54284894140196,0.932,0.087,0,Serpina3n,0.845
2,6.70637504678949e-67,3.00165731786277,0.463,0.09,8.48423507169339e-63,C4b,0.373
3,2.89506023220536e-42,2.15536444270338,0.791,0.433,3.662540699763e-38,Osmr,0.358
4,1.23215808358252e-126,3.88781156245082,0.367,0.031,1.55880319154024e-122,Sulf2,0.336
5,8.60656701356799e-32,2.64644563482007,0.65,0.33,1.08881679288649e-27,Chil1,0.32
6,2.08720950451512e-22,1.34055893467844,0.621,0.319,2.64052874416208e-18,Aplp1,0.302
7,9.6433473421105e-18,1.05375506445629,0.746,0.482,1.2199798722504e-13,Vit,0.264
8,1.16754177660794e-21,1.33905444350688,0.729,0.476,1.47705710158671e-17,Slc26a7,0.253
9,1.18921529375428e-32,1.16775749695368,0.91,0.659,1.50447626812854e-28,Pcolce,0.251
10,1.54069330069805e-18,1.44380428664558,0.429,0.179,1.94913109471311e-14,Chrnb4,0.25
11,4.48694976340579e-14,1.04905020075731,0.593,0.349,5.67644014568466e-10,Dkk3,0.244
12,7.11171707532024e-14,0.870167577989243,0.706,0.462,8.99703327198764e-10,Slc7a5,0.244
13,2.09747628454938e-16,1.81563227568962,0.424,0.189,2.65351724758342e-12,Htra1,0.235
14,1.30699455793933e-13,1.1084899858064,0.458,0.224,1.65347881524904e-09,Cd9,0.234
15,6.00981453725034e-11,0.874106630346188,0.616,0.385,7.60301637107541e-07,Cox8b,0.231
16,4.54973556240086e-17,1.49894796682386,0.35,0.134,5.75587045999333e-13,Piezo1,0.216
17,7.9377930113921e-12,0.768781094391994,0.746,0.531,1.00421019387122e-07,Sema3b,0.215
18,2.34890609440662e-14,1.54515951318653,0.373,0.166,2.97160110003381e-10,Tsc22d4,0.207
19,1.46527660550153e-09,1.14227695211953,0.52,0.321,1.85372143361998e-05,F3,0.199
20,1.27664444250373e-17,2.14832162024743,0.305,0.108,1.61508288421147e-13,DEPRECATED-ENSMUSG00000006205,0.197
21,3.05663657928475e-13,0.813005418409444,0.808,0.614,3.86695093645314e-09,Atp1b2,0.194
22,4.66989308574753e-08,0.691301379637213,0.605,0.414,0.00059078817427792,Man2b2,0.191
23,3.75562663335155e-13,0.840902688686277,0.746,0.555,4.75124325385304e-09,Lman1,0.191
24,1.29962166778403e-07,0.637048680931031,0.644,0.454,0.00164415137191357,Bace2,0.19
25,1.88760835039383e-12,1.72074265857865,0.362,0.177,2.38801332408324e-08,Gsta3,0.185
26,4.17723422972103e-09,0.896981516848707,0.379,0.197,5.28461902402007e-05,Scarb2,0.182
27,1.74431357042698e-07,0.733706471552062,0.486,0.309,0.00220673109794717,Pdia6,0.177
28,5.3319850523331e-05,0.411213384121774,0.712,0.539,0.67454942897066,Thbs4,0.173
29,4.20129387373758e-10,1.20538600285584,0.322,0.155,5.31505687966542e-06,Ugcg,0.167
30,9.22095850782941e-15,0.971367580100019,0.819,0.652,1.1665434608255e-10,Cdh3,0.167
31,5.07600503679776e-07,0.723824180741768,0.412,0.246,0.00642165397205284,Padi2,0.166
32,8.02273107218667e-10,0.630781081065266,0.785,0.621,1.01495570794234e-05,Gaa,0.164
33,0.000138448451780564,0.348583664480113,0.757,0.603,1,Gns,0.154
34,1.23981616643978e-07,1.18397978084342,0.345,0.191,0.00156849143216296,Acta2,0.154
35,2.51836838060803e-05,0.559186015099607,0.486,0.332,0.318598783830722,Lrp2,0.154
36,1.56345342745841e-05,0.622393618211635,0.463,0.31,0.197792493107764,Pld3,0.153
37,1.53815333765586e-05,0.605043300967051,0.452,0.301,0.194591778746843,Dbndd2,0.151
38,2.72257453187575e-06,0.779002275156855,0.384,0.234,0.0344432904027601,Oat,0.15
39,1.89311807829131e-06,0.7168261914891,0.497,0.348,0.0239498368084634,Sorl1,0.149
40,1.3375792477785e-47,1.83421861958816,0.949,0.801,1.69217150636458e-43,Gpnmb,0.148
41,3.26506382405605e-07,0.882477664844215,0.305,0.16,0.0041306322438133,Gpx8,0.145
42,3.59468883896404e-07,1.17853217274403,0.379,0.234,0.0045476408501734,Cstb,0.145
43,0.000338732938536881,0.34714217849959,0.503,0.36,1,Hsp90b1,0.143
44,8.49235378243695e-08,1.19296891521444,0.288,0.146,0.0010743676770161,Loxl4,0.142
45,2.70563892108703e-06,0.807724694059918,0.469,0.327,0.034229037990672,Slc12a2,0.142
46,1.17901228438876e-05,0.578831582914057,0.345,0.203,0.149156844098022,Nog,0.142
47,9.59810092997016e-13,0.642003672853807,0.87,0.732,1.21425574865053e-08,Plxnb2,0.138
48,2.75636805591068e-05,0.650745562791049,0.508,0.371,0.34870812275326,Ntrk2,0.137
49,3.4688714757445e-05,0.544996052754491,0.503,0.367,0.438846930396437,Hspa5,0.136
50,5.01360254739229e-05,0.435425358420729,0.655,0.52,0.634270858270598,Myrf,0.135
51,0.00315482106396559,0.275986547238708,0.74,0.606,1,Tcn2,0.134
52,4.08218617405875e-07,1.13895594135112,0.277,0.144,0.00516437372880173,Plin2,0.133
53,2.26392142551882e-94,2.8163447926351,1,0.868,2.86408699542386e-90,A2m,0.132
54,0.000269093932757571,0.434845846446322,0.531,0.399,1,Pdia3,0.132
55,1.0816219408933e-06,0.959544624390827,0.277,0.146,0.0136835991742411,Tnfrsf1a,0.131
56,4.34080878783431e-05,0.636932152810424,0.35,0.219,0.549155719748919,Atp7a,0.131
57,5.17104501154339e-05,0.724314220214284,0.362,0.232,0.654188904410354,Rasgrp3,0.13
58,5.93777787319632e-06,0.962014875718344,0.356,0.228,0.0751188278738067,Soat1,0.128
59,1.49128086544258e-06,1.50716529150928,0.271,0.147,0.0188661942287141,Anxa5,0.124
60,4.48129928517992e-05,0.718978932561336,0.322,0.199,0.566929172568112,Ramp2,0.123
61,0.00295025223257406,0.257980012600548,0.701,0.581,1,Tpp1,0.12
62,0.000549141265985662,0.395828082533584,0.621,0.502,1,Tm9sf2,0.119
63,9.38012225583617e-05,0.794880853178279,0.373,0.255,1,Abca1,0.118
64,0.00174834683736862,0.42039765416071,0.452,0.334,1,St3gal6,0.118
65,4.92034374562441e-05,0.430478028227496,0.723,0.606,0.622472687258944,Met,0.117
66,0.00466989800781976,0.252985495915816,0.667,0.55,1,Ctsl,0.117
67,0.000866238716786975,0.513037032005482,0.395,0.281,1,Elovl1,0.114
68,4.0275947879575e-05,0.918946326257639,0.305,0.192,0.509531016624504,Naglu,0.113
69,0.000957446627359996,0.571881257124937,0.429,0.316,1,Il6st,0.113
70,0.00194923699199567,0.353371142538243,0.616,0.503,1,Map1lc3a,0.113
71,0.000487655875619118,0.660785852894048,0.367,0.255,1,Capns1,0.112
72,0.00119182299032126,0.366652448380895,0.531,0.42,1,Gnas,0.111
73,1.38088466315924e-05,1.06641763853633,0.254,0.143,0.174695718736276,Gpc1,0.111
74,0.00322926071043058,0.4105506897817,0.441,0.33,1,Cyb5a,0.111
75,8.19459955041792e-05,0.760109318598601,0.266,0.156,1,Rap1b,0.11
76,0.00128162159493301,0.478801140384385,0.599,0.489,1,Lgals3bp,0.11
77,0.00221151335899893,0.44112869791111,0.39,0.28,1,Smim14,0.11
78,0.000171164674360854,0.798367788050966,0.311,0.202,1,Upk3b,0.109
79,0.00528231619494444,0.285590569681382,0.605,0.497,1,Atp6ap2,0.108
80,0.00275839560835198,0.323062712101285,0.446,0.339,1,Pmp22,0.107
81,2.93964276229014e-10,0.532772754014536,0.91,0.804,3.71894205857325e-06,Spon1,0.106
82,0.00164073410803926,0.474148579311585,0.356,0.25,1,Adamtsl4,0.106
83,0.000177212194083386,0.791649829047377,0.277,0.172,1,Odc1,0.105
84,0.00107704751131699,0.490107479329983,0.588,0.483,1,Nid2,0.105
85,0.00014985956928524,0.90070834943175,0.26,0.156,1,Ltbr,0.104
86,0.000193461301473469,0.797749634209714,0.271,0.167,1,Copg1,0.104
87,0.00538259019367292,0.294838664959317,0.565,0.461,1,Scpep1,0.104
88,0.000458854075893793,0.356227016140731,0.785,0.682,1,Nt5dc2,0.103
89,0.00073370301267369,0.64813752839747,0.305,0.202,1,Frem1,0.103
90,0.000797632085219105,0.573273077577495,0.294,0.191,1,Eif3k,0.103
91,0.00121100884328548,0.53488952115149,0.305,0.202,1,Tmem237,0.103
92,0.00882342153314836,0.271305978659623,0.384,0.281,1,Ppp2ca,0.103
93,0.000535639047767018,0.740628808256791,0.339,0.237,1,Azin1,0.102
94,0.00338117193854063,0.431477402365864,0.401,0.299,1,Mlana,0.102
95,0.000532269284580711,0.702470037971934,0.288,0.186,1,Vat1,0.102
96,0.00327675693657541,0.51366220730888,0.356,0.254,1,Cpz,0.102
97,0.000273048968370226,0.707418011927939,0.254,0.153,1,Morf4l2,0.101
98,0.00132642109007801,0.631569006091794,0.333,0.232,1,Aldoc,0.101
99,0.00887973697854942,0.295943766459611,0.503,0.402,1,Canx,0.101
100,0.00309148279807912,0.495515620974926,0.514,0.414,1,Tpt1,0.1
101,0.000677496779536168,0.633386696198263,0.271,0.171,1,Lrp5,0.1
102,0.00152511017020444,0.546444764978336,0.322,0.222,1,Fgfr1,0.1
103,0.00478226823300088,0.432402993715217,0.379,0.279,1,Sod2,0.1
104,0.00615527568336265,0.374582123669671,0.373,0.273,1,Atp5o,0.1
105,0.00031797907503275,0.343619412726493,0.847,0.75,1,Cd81,0.097
106,0.00269339322397541,0.483130147927334,0.299,0.202,1,Sytl2,0.097
107,0.00363696934728595,0.486525806225217,0.401,0.305,1,Trpm1,0.096
108,0.00953468207114443,0.39635136910479,0.542,0.447,1,Ltbp3,0.095
109,0.00380288858130939,0.508846427890099,0.311,0.216,1,B2m,0.095
110,0.00588994918807438,0.313258274588241,0.571,0.478,1,Atp6v0a1,0.093
111,0.00421836784998832,0.490627650614107,0.322,0.231,1,Tmem176b,0.091
112,0.00603468018568083,0.472508476189972,0.407,0.316,1,Ddost,0.091
113,0.00163421511536486,0.597088383940213,0.254,0.164,1,Sox10,0.09
114,0.00193101222698966,0.575243455099886,0.26,0.17,1,Slc6a17,0.09
115,0.00613097679160351,0.494615312017127,0.333,0.244,1,Gpr143,0.089
116,0.00292663597174541,0.593354964369699,0.299,0.21,1,Man2a1,0.089
117,1.24287146655727e-18,0.75901064755221,0.966,0.879,1.57235669234161e-14,Atp1a1,0.087
118,3.14200053603098e-08,0.574499809944059,0.808,0.723,0.000397494487813279,Igfbp7,0.0850000000000001
119,0.00330691010377789,0.638752642698149,0.288,0.204,1,Tmed10,0.084
120,3.92286108621176e-05,0.399001500597666,0.893,0.809,0.49628115601665,Crim1,0.084
121,0.0053243429641209,0.546504111943148,0.282,0.198,1,Tex2,0.084
122,0.00476938429942117,0.602599748847007,0.271,0.188,1,Tmem86a,0.083
123,0.00475354124979108,0.320960460269681,0.65,0.568,1,Slc3a2,0.0820000000000001
124,0.00769543184954327,0.605901111937258,0.294,0.214,1,Ppp3r1,0.08
125,0.00563441036307763,0.622788186484793,0.271,0.192,1,Neo1,0.079
126,0.00727566818079852,0.53883892101865,0.277,0.199,1,Efemp2,0.078
127,0.00796831003204962,0.536245066057282,0.26,0.182,1,Aga,0.078
128,1.26636846648598e-08,0.45244407834333,0.915,0.843,0.000160208274695141,Cd63,0.0720000000000001
129,0.000317135960467098,0.433140207980079,0.847,0.781,1,Eef1a1,0.0659999999999999
130,0.000655350657741246,0.273547260341035,0.842,0.778,1,Lamp2,0.0639999999999999
131,0.00138100546584218,0.530375745599668,0.661,0.6,1,Cryab,0.0610000000000001
132,0.000608600673593177,0.355813665356188,0.87,0.817,1,Itgav,0.053
133,1.55818028213133e-15,0.552525205963025,0.96,0.91,1.97125387492434e-11,Tmem98,0.0499999999999999
134,1.80842295223897e-14,0.575385124357265,0.955,0.918,2.28783587687752e-10,Ctsb,0.0369999999999999
135,3.57629208417612e-09,0.334761893746982,1,0.969,4.52436711569121e-05,App,0.031
136,2.87425235715937e-08,0.434618353022811,0.96,0.931,0.000363621665704232,Slc1a1,0.0289999999999999
137,2.64519978818059e-20,1.02030161580998,0.983,0.957,3.34644225202727e-16,Thbs1,0.026
138,2.12523694632919e-19,0.667962080069509,1,0.982,2.68863726080106e-15,Ctsd,0.018
139,0.00686959304011254,0.257380066497703,0.927,0.911,1,Lrp1,0.016
140,2.82811890170091e-15,0.778043039747428,1,0.987,3.57785322254182e-11,Trf,0.013
141,5.07942409171748e-10,0.321003619445649,1,0.997,6.42597941843178e-06,Col8a1,0.003
142,7.93344276483412e-09,0.347103959433203,1,0.998,0.000100365984417916,Dct,0.002
143,0.000578201864262697,0.384704349343035,0.74,0.746,1,Pdpn,-0.00600000000000001
144,1.59723313797483e-06,0.594518183154573,0.847,0.859,0.0202065964285196,Sema3c,-0.012
