GroupID,Category,Term,Description,LogP,Log(q-value),Genes,Symbols,InTerm_InList,Cluster
1_Summary,GO Biological Processes,GO:0010661,positive regulation of muscle cell apoptotic process,-5.666599621,-1.424,"119,111,712,818,569,000,000,000,000,000,000,000,000,000,000,000,000,000,000,000,000,000,000,000,000,000,000,000,000,000,000,000,000,000","Atf4,Smad4,Pdcd4,Pten,Mapk8,Sirt1,Btg1,Pea15a,Tex261,Mapk9,Acin1,Ip6k2,Cirbp,Jarid2,Hspa1a,Rara,Ube4b,Dyrk1a,Tnfaip3,Glmn",20/-,Rp
2_Summary,GO Biological Processes,GO:0009416,response to light stimulus,-5.324459629,-1.401,"126,961,491,317,246,000,000,000,000,000,000,000,000,000,000,000,000,000,000,000,000,000,000,000,000,000,000,000,000,000,000,000,000,000,000,000,000,000,000,000,000,000,000,000,000,000,000,000,000,000,000,000,000,000,000,000,000,000","Cirbp,Guca1a,Mdm2,Mapk8,Mapk9,Usp2,Ube4b,Sirt1,Crb1,Pde8b,Pten,Hspa1a,Glmn,Atf4,Btg1,Ide,Ppp2cb,Tnfaip3,Rnf146,Smad4,Actg1,Rock2,Sptan1,Pea15a,Ranbp3,Tax1bp1,Rara,H2bc4,Ybx1,Odf2,Sdha,Syf2,Dpf3,Hipk3",34/-,Rp
3_Summary,KEGG Pathway,mmu04141,Protein processing in endoplasmic reticulum,-4.792585555,-1.401,"1,191,113,002,264,190,000,000,000,000,000,000,000,000,000,000","Atf4,Dnajc5,Mapk8,Mapk9,Ube4b,Ubxn6,Hspa1a,Ppp2cb,Scamp5",9/-,Rp
4_Summary,Reactome Gene Sets,R-MMU-72203,Processing of Capped Intron-Containing Pre-mRNA,-4.592718369,-1.401,"22,380,226,085,621,500,000,000,000,000,000,000,000,000,000,000,000,000,000,000,000,000,000,000,000,000,000,000,000","Wbp4,Ybx1,Acin1,Wtap,Cwc15,Rbm7,Syf2,Poldip3,Atf4,Gspt1,Hipk3,Rara,Rsrp1,Hspa1a,Cirbp,Ddx24,Dnajc8",17/-,Rp
5_Summary,GO Biological Processes,GO:0043518,"negative regulation of DNA damage response, signal transduction by p53 class mediator",-4.30035438,-1.313,"1,354,817,246,937,590,000,000,000,000,000,000,000,000,000,000,000,000,000,000,000,000,000,000,000,000,000,000,000,000,000","Dyrk1a,Mdm2,Sirt1,Atf4,Pten,Rock2,Mapk8,Mapk9,Usp2,Ybx1,Jarid2,Pdcd4,Wbp2,Pea15a,Scamp5,Pde8b,Tnfaip3,Syf2",18/-,Rp
1_Summary,KEGG Pathway,mmu01212,Fatty acid metabolism,-7.802181583,-3.558,"11,363,114,302,025,000,000,000,000,000,000,000,000,000,000,000,000,000,000,000,000,000,000,000,000,000,000,000,000,000,000,000,000","Acadl,Acox1,Scd2,Elovl1,Fads1,Tecr,Acsl6,Aldoc,Gpam,Gpi1,Tyrp1,Mpc1,Bdh2,Slc38a1,Ggt1,Gm2a,Inpp5k,Msmo1,Mdh1",19/-,RPE
2_Summary,KEGG Pathway,mmu01200,Carbon metabolism,-6.970569849,-3.028,"114,301,167,612,359,000,000,000,000,000,000,000,000,000,000,000,000,000,000,000,000,000,000,000,000,000,000,000,000,000,000,000","Acox1,Aldoc,Cat,Gpi1,Mdh1,Taldo1,Sdha,Idh3a,Cox8b,Tyrp1,Uqcrfs1,Mpc1,Gm2a,Man1a,Slc3a2,Fuca1,Gnptg,Ak2,Aldh2",19/-,RPE
3_Summary,GO Biological Processes,GO:0070848,response to growth factor,-6.146146418,-2.601,"121,621,235,912,978,000,000,000,000,000,000,000,000,000,000,000,000,000,000,000,000,000,000,000,000,000,000,000,000","Bmp7,Cat,Csf1r,Lrp2,Itgb5,Lrp8,Inpp5k,Sfrp1,Sort1,Vegfb,Spg21,Ramp2,Npnt,Wfikkn2,Ggt1,Gpi1,Snw1",17/-,RPE
4_Summary,Reactome Gene Sets,R-MMU-75105,Fatty acyl-CoA biosynthesis,-4.833911877,-1.623,"2,025,054,325,106,520,000,000,000,000,000,000,000,000,000,000,000,000,000,000,000,000,000,000,000,000,000,000","Scd2,Elovl1,Tecr,Acsl6,Acox1,Ak2,Aldoc,Gpam,Gpi1,Mdh1,Taldo1,Mpc1,Slc16a9,Sdha,Tyrp1,Ggt1",16/-,RPE
5_Summary,Reactome Gene Sets,R-MMU-6798695,Neutrophil degranulation,-4.605232878,-1.522,"116,761,201,012,359,000,000,000,000,000,000,000,000,000,000,000,000,000,000,000","Aldoc,B2m,Cat,Ddost,Eef2,Gm2a,Gpi1,Padi2,Fuca1,Tubb4b,Dnajc3",11/-,RPE
1_Summary,GO Biological Processes,GO:0030198,extracellular matrix organization,-4.431868885,-0.645,"1,197,712,837,180,730,000,000,000,000,000,000,000,000,000,000,000,000,000,000,000,000,000","Atp7a,Col8a1,Nid1,Ntn4,Spock2,Pomt1,Exoc8,Sulf1,Emp2,Limch1,Cd47,Kifap3,Smarcc1",13/-,SC_F
2_Summary,GO Biological Processes,GO:1903715,regulation of aerobic respiration,-3.403605463,0,"1,197,715,925,689,430,000,000,000","Atp7a,Ide,Pink1,Insr,Ddit4",5/-,SC_F
3_Summary,GO Biological Processes,GO:0072006,nephron development,-3.197107259,0,"1,637,118,073,239,670,000,000,000,000,000,000,000,000,000","Irx1,Nid1,Osr1,Nup107,Sulf1,Atp7a,Zbtb16,Bmpr2",8/-,SC_F
4_Summary,GO Biological Processes,GO:0030111,regulation of Wnt signaling pathway,-3.18028599,0,"207,292,188,566,787,000,000,000,000,000,000,000,000","Spin1,Tle1,Gskip,Shisa2,Sulf1,Cxxc4,Trabd2b",7/-,SC_F
5_Summary,GO Biological Processes,GO:0051170,import into nucleus,-2.650566263,0,"132,071,664,868,968,000,000,000,000,000,000,000,000,000,000,000,000,000,000","Ddx5,Kpna3,Cdan1,Nup107,Pink1,Mterf4,Srp54b,Ap4s1,Stx2,Snapin,Rab27b",11/-,SC_F
1_Summary,GO Biological Processes,GO:1902895,positive regulation of miRNA transcription,-6.603590337,-2.362,"13018,13653,14281,16476,18508,20807,67603,101568,12609,12611,14282,16478,18708,50794,80859,20525,108079,22695,217232,17748,17750,56338,19252,11852,12226,15925,17387,68031,12192,100604,23942,14672,67665,81489,109270,319158,12227,21807,15205,67490,12824,319939,17210,235320,18626","Ctcf,Egr1,Fos,Jun,Pax6,Srf,Dusp6,Vrk3,Cebpd,Cebpg,Fosb,Jund,Pik3r1,Klf13,Nfkbiz,Slc2a1,Prkaa2,Zfp36,Cdc27,Mt1,Mt2,Txnip,Dusp1,Rhob,Btg1,Ide,Mmp14,Rnf146,Zfp36l1,Lrrc8c,Mta2,Gna11,Dctn4,Dnajb1,Prr5,H4c9,Btg2,Tsc22d1,Hes1,Ufl1,Col2a1,Tns3,Mcl1,Zbtb16,Per1",45/-,Muller
2_Summary,WikiPathways,WP2432,Spinal cord injury,-5.175927302,-1.804,"118,521,222,712,824,000,000,000,000,000,000,000,000,000,000,000,000,000,000,000,000,000","Rhob,Btg2,Col2a1,Egr1,Fos,Zfp36,Ctcf,Ifrd1,Srf,Zfand5,Vrk3,Hes1,Plekho1",13/-,Muller
3_Summary,GO Biological Processes,GO:0048545,response to steroid hormone,-5.125819316,-1.804,"121,921,428,114,282,000,000,000,000,000,000,000,000,000,000,000,000,000,000,000,000,000,000,000","Zfp36l1,Fos,Fosb,Jun,Jund,Klf9,Pik3r1,Zfp36,Txnip,Per1,Prkaa2,Pax6,Prr5,Btg1",14/-,Muller
4_Summary,GO Biological Processes,GO:0071276,cellular response to cadmium ion,-4.886830957,-1.673,"1,428,116,476,177,480,000,000,000","Fos,Jun,Mt1,Mt2,Atp1b2",5/-,Muller
5_Summary,GO Biological Processes,GO:0045647,negative regulation of erythrocyte differentiation,-4.837344526,-1.673,"12,192,226,955,079,400,000,000,000,000,000,000,000,000,000,000,000,000,000,000,000,000,000,000,000,000,000,000,000,000,000,000,000,000,000,000,000,000,000,000,000,000,000,000,000,000,000,000,000","Zfp36l1,Zfp36,Klf13,Col2a1,Egr1,Fos,Hes1,Ier2,Jun,Pax6,Dusp6,Nfkbiz,Hnrnpl,Hnrnpa2b1,Ythdc1,Alkbh5,Zbtb16,Ccdc85b,Btg2,Pik3r1,F3,Ccn1,Srf,Btg1,Klf9,Lrrc8c,Prkaa2,Cebpg",28/-,Muller