,p_val,avg_log2FC,pct.1,pct.2,p_val_adj,pct.1_pct.2
Pcdh15,0,2.73129291401228,0.787,0.126,0,0.661
Rp1,0,2.6385658959045,0.944,0.285,0,0.659
Grk1,0,2.43586626494128,0.942,0.303,0,0.639
Samd11,0,2.28559163545395,0.859,0.243,0,0.616
Pitpnm3,0,2.57570481875423,0.789,0.176,0,0.613
Pcare,0,3.25385110795246,0.714,0.106,0,0.608
Ric8b,0,2.59568952187451,0.769,0.178,0,0.591
Neurod1,0,2.4657058113003,0.828,0.243,0,0.585
Wdr17,0,2.5556744477268,0.739,0.159,0,0.58
Atp8a2,0,2.96326581521417,0.678,0.114,0,0.564
Pfkfb2,0,2.32537036480452,0.746,0.188,0,0.558
Casz1,0,2.29720533456696,0.739,0.183,0,0.556
Fam161a,0,2.92189440895349,0.661,0.111,0,0.55
Mpp4,0,2.00544646591698,0.761,0.219,0,0.542
Plch2,0,2.17449346598581,0.733,0.195,0,0.538
Crx,0,1.69951861099504,0.903,0.371,0,0.532
Mak,0,2.83860142356802,0.642,0.11,0,0.532
Epb41,0,1.65910069436782,0.925,0.394,0,0.531
Samd7,0,3.35619261289741,0.62,0.092,0,0.528
Pde6b,0,1.21857934829864,0.969,0.443,0,0.526
Tnfsf13,0,2.73634305205039,0.647,0.121,0,0.526
Madd,0,1.98196617031922,0.74,0.227,0,0.513
Arl6,0,2.03062744210824,0.724,0.211,0,0.513
Kif21b,0,2.46370583541248,0.669,0.157,0,0.512
Icmt,0,1.84695127262886,0.747,0.238,0,0.509
Mdm1,0,2.52382415878412,0.64,0.132,0,0.508
Fam53b,0,2.83302964249036,0.613,0.107,0,0.506
Frmpd2,0,3.00503171692005,0.588,0.087,0,0.501
Herc3,0,1.56487516482949,0.788,0.291,0,0.497
Dlg4,0,1.61889610861892,0.789,0.293,0,0.496
Tnpo1,0,2.14158683354429,0.704,0.209,0,0.495
Prph2,0,0.49093068523405,0.954,0.462,0,0.492
Crocc,0,2.03503779360199,0.684,0.193,0,0.491
Cngb1,0,1.00921249941398,0.872,0.381,0,0.491
Stard7,0,2.52024878122936,0.622,0.139,0,0.483
Kif1b,0,1.73232124218175,0.789,0.307,0,0.482
C2cd2l,0,1.38075004369956,0.798,0.317,0,0.481
Slco4a1,0,3.00459032084045,0.566,0.085,0,0.481
Pla2r1,0,2.58530103395794,0.601,0.124,0,0.477
Gnb5,0,1.37629387787088,0.834,0.359,0,0.475
Pdc,0,0.427754579686409,0.932,0.458,0,0.474
Bin1,0,1.78057792946348,0.741,0.267,0,0.474
Rdh12,0,1.34101634427593,0.762,0.289,0,0.473
Nr2e3,0,1.09597579662076,0.846,0.377,0,0.469
Aipl1,0,0.906136049185388,0.857,0.388,0,0.469
Impg2,0,1.22663028593361,0.769,0.302,0,0.467
Dpf3,0,2.40960599594934,0.595,0.131,0,0.464
Adamts3,0,2.97002717226186,0.541,0.079,0,0.462
Rp1l1,0,1.64240622192381,0.682,0.221,0,0.461
Nfasc,0,2.26456958892477,0.593,0.133,0,0.46
Rsrp1,0,2.0818148173341,0.675,0.216,0,0.459
Agtpbp1,0,2.43507429183236,0.627,0.169,0,0.458
Prom1,0,1.06227845049759,0.772,0.316,0,0.456
Pex5l,0,2.18946751703446,0.6,0.144,0,0.456
Tulp1,0,0.718233777268662,0.871,0.416,0,0.455
Gramd1b,0,1.8335918350281,0.673,0.219,0,0.454
Bbs9,0,2.37900904302129,0.577,0.124,0,0.453
Dgke,0,2.12085383776234,0.606,0.154,0,0.452
Ankrd33b,0,2.31748168292,0.58,0.129,0,0.451
Fam57b,0,0.549861270891838,0.889,0.44,0,0.449
Pitpnm1,0,1.20712234174959,0.79,0.341,0,0.449
Ubap1l,0,2.14855921010203,0.594,0.145,0,0.449
Map4k3,0,2.43449037416943,0.575,0.126,0,0.449
Clasp1,0,2.13993901024536,0.623,0.175,0,0.448
AW549877,0,2.16379334005589,0.616,0.17,0,0.446
Ndrg1,0,1.92776055443895,0.637,0.192,0,0.445
Nrl,0,0.482873606551194,0.872,0.429,0,0.443
Ddhd1,0,2.40759563898322,0.572,0.129,0,0.443
Tdrd7,0,1.26952459476512,0.729,0.29,0,0.439
Cadm1,0,1.30499390699006,0.797,0.359,0,0.438
Tnrc6b,0,2.06465531949643,0.615,0.178,0,0.437
Guca1b,0,0.624048761501236,0.843,0.406,0,0.437
Zfp516,0,2.43119162670406,0.569,0.133,0,0.436
Rgs9,0,0.99152984268421,0.862,0.427,0,0.435
Ddx17,0,1.6538577232301,0.754,0.319,0,0.435
Adcy1,0,1.9016772918965,0.6,0.166,0,0.434
Tbc1d8,0,2.71438500349512,0.526,0.095,0,0.431
Camk2d,0,1.6383979022066,0.686,0.256,0,0.43
Memo1,0,2.64700890348529,0.538,0.111,0,0.427
Rs1,0,0.355451159606456,0.847,0.421,0,0.426
Tub,0,2.01789872422531,0.571,0.146,0,0.425
Gucy2f,0,1.62192120933087,0.614,0.191,0,0.423
Slc4a7,0,2.22501939699097,0.551,0.13,0,0.421
Kirrel,0,2.54287129864766,0.528,0.111,0,0.417
Ppef2,0,2.61143904150349,0.509,0.092,0,0.417
Rabgef1,0,2.42851228397492,0.544,0.127,0,0.417
Aff1,0,2.24118030268165,0.569,0.152,0,0.417
Pcmtd2,0,1.49981108617462,0.67,0.254,0,0.416
Klhl18,0,2.33786798814634,0.53,0.114,0,0.416
Usp33,0,1.82362357264733,0.604,0.188,0,0.416
Kdm4c,0,2.52405764545438,0.521,0.106,0,0.415
Grtp1,0,2.43729793776563,0.519,0.106,0,0.413
Ptp4a3,0,1.29718803402402,0.782,0.369,0,0.413
Gucy2e,0,1.07245252960285,0.693,0.28,0,0.413
Mef2d,0,1.51560756384841,0.682,0.271,0,0.411
Fryl,0,1.64870881119716,0.651,0.24,0,0.411
Rasgrf2,0,2.55963181127602,0.505,0.095,0,0.41
Epb41l2,0,1.14984133554862,0.848,0.439,0,0.409
Msi2,0,1.4696796743386,0.744,0.335,0,0.409
Glmn,0,2.58117523523788,0.494,0.09,0,0.404
Trafd1,0,1.66787498644576,0.61,0.207,0,0.403
Fyco1,0,2.35294526827167,0.527,0.126,0,0.401
Ano2,0,1.64301613321575,0.576,0.177,0,0.399
Cnga1,0,1.04104221815651,0.665,0.267,0,0.398
Kcnv2,0,1.4015880325292,0.608,0.212,0,0.396
Cadm2,0,1.29252946422836,0.631,0.243,0,0.388
Drd4,0,1.25844810681303,0.614,0.229,0,0.385
Nxnl1,0,1.37284264793145,0.594,0.209,0,0.385
Frmd4b,0,2.25724478403219,0.51,0.127,0,0.383
Leng8,0,1.91025609944455,0.55,0.167,0,0.383
Dyrk2,0,2.20563812351575,0.509,0.126,0,0.383
Vps37a,0,2.10941958926153,0.522,0.141,0,0.381
Mab21l1,0,1.95805001262743,0.532,0.156,0,0.376
Ankrd33,0,1.172514573785,0.61,0.234,0,0.376
Hs3st3b1,0,2.9922511583494,0.438,0.064,0,0.374
Ank2,0,1.46211913351027,0.597,0.224,0,0.373
Ccdc126,0,1.16928119977237,0.608,0.235,0,0.373
Cacna2d4,0,1.36002786468507,0.587,0.214,0,0.373
Ppargc1b,0,3.07878576514996,0.427,0.057,0,0.37
Stxbp1,0,0.55685700219334,0.779,0.41,0,0.369
Cplx4,0,0.587362243018436,0.726,0.357,0,0.369
Ppp2r5c,0,1.11545810848779,0.665,0.297,0,0.368
Cacnb2,0,2.65544708180808,0.448,0.08,0,0.368
Pias3,0,2.1593116666842,0.486,0.118,0,0.368
Dmxl2,0,2.02009754167984,0.506,0.138,0,0.368
Cep290,0,2.55157369361698,0.454,0.087,0,0.367
Cul3,0,1.30406591824892,0.659,0.296,0,0.363
Plekhb1,0,0.684598509476446,0.81,0.447,0,0.363
Jam2,0,1.9090566550579,0.505,0.142,0,0.363
Pde8b,0,2.16559340703697,0.471,0.109,0,0.362
Ybx3,0,0.747952915330753,0.735,0.376,0,0.359
Rhot1,0,1.47132596706374,0.552,0.194,0,0.358
Dctn1,0,1.03633939473008,0.695,0.337,0,0.358
Esrrb,0,1.41529486202076,0.541,0.184,0,0.357
Fabp12,0,1.16776900118262,0.573,0.217,0,0.356
Rd3,0,1.40319873919784,0.549,0.194,0,0.355
Dscaml1,0,2.18314369669829,0.464,0.11,0,0.354
Slc31a2,0,2.8141877350266,0.429,0.075,0,0.354
Rapgef5,0,2.19639840153644,0.463,0.11,0,0.353
Tnfsf12,0,1.65992371567662,0.52,0.167,0,0.353
Elovl4,0,0.685923710253835,0.692,0.339,0,0.353
Kdm5b,0,1.70872150340476,0.521,0.169,0,0.352
Agpat3,0,0.79217517043201,0.86,0.509,0,0.351
Reep6,0,0.290074893225654,0.729,0.378,0,0.351
Fam169a,0,0.831365530159441,0.702,0.351,0,0.351
Nadk2,0,1.88557685437619,0.482,0.131,0,0.351
Impg1,0,0.52691105461542,0.673,0.323,0,0.35
Otud7b,0,1.9217138897494,0.481,0.131,0,0.35
Ahcyl1,0,1.24651652466837,0.669,0.321,0,0.348
Bbs5,0,2.32864554061624,0.437,0.089,0,0.348
Osbp2,0,0.93834250993978,0.678,0.331,0,0.347
Ktn1,0,1.72266113239588,0.527,0.18,0,0.347
Fbxl5,0,1.58653669131427,0.54,0.195,0,0.345
BC034090,0,2.23320421260211,0.446,0.101,0,0.345
Cacna1f,0,2.21395417022007,0.449,0.105,0,0.344
Ush2a,0,1.91611081764061,0.466,0.123,0,0.343
Slc25a22,0,2.2507122523412,0.448,0.105,0,0.343
Lrit1,0,1.57554313526853,0.504,0.161,0,0.343
Impdh1,0,0.269984594402866,0.73,0.388,0,0.342
Pcbp4,0,0.940704033401196,0.711,0.369,0,0.342
Ndrg3,0,0.779679570152809,0.643,0.304,0,0.339
Gpsm1,0,2.46144006281842,0.428,0.089,0,0.339
Map1b,0,0.49529875890303,0.692,0.353,0,0.339
Son,0,1.39545232588513,0.62,0.282,0,0.338
Bbs7,0,2.00727527858207,0.445,0.108,0,0.337
Lca5,0,2.33500969246248,0.424,0.087,0,0.337
Hcn1,0,1.03892858064943,0.571,0.234,0,0.337
Crb1,0,1.06438770834635,0.576,0.24,0,0.336
Uckl1,0,1.74908010642827,0.478,0.142,0,0.336
Map2,0,1.25891814251796,0.546,0.212,0,0.334
Mat2a,0,1.65349293975741,0.52,0.187,0,0.333
Amer2,0,2.02508339622946,0.446,0.113,0,0.333
Eml3,0,1.896710519161,0.465,0.133,0,0.332
Pcbp3,0,0.993158785100398,0.592,0.26,0,0.332
Rsrc2,0,1.62224619821731,0.521,0.19,0,0.331
Dync1li1,0,1.70248568807178,0.493,0.163,0,0.33
Eml5,0,2.30277747772803,0.414,0.084,0,0.33
Zfp654,0,2.33097625144975,0.421,0.091,0,0.33
Dnm1,0,1.28720663743567,0.534,0.206,0,0.328
Glb1l2,0,1.57776578523733,0.488,0.16,0,0.328
Ppm1b,0,1.43125367308837,0.549,0.223,0,0.326
Ttc8,0,1.54611176688679,0.485,0.159,0,0.326
Rdh8,0,1.46406403357078,0.478,0.153,0,0.325
Egflam,0,0.775063274941365,0.59,0.265,0,0.325
Slc44a1,0,2.02823595398928,0.45,0.126,0,0.324
Whrn,0,2.43314030278337,0.406,0.082,0,0.324
Plpp2,0,1.33176001120227,0.503,0.179,0,0.324
Arhgef26,0,2.15761142902808,0.414,0.09,0,0.324
Alpl,0,1.47560159851618,0.478,0.154,0,0.324
Tet3,0,1.70185139875417,0.477,0.153,0,0.324
Nlk,0,1.20509366453934,0.576,0.252,0,0.324
Stx3,0,0.654108734884359,0.633,0.31,0,0.323
Mapre3,0,1.10196392582494,0.58,0.257,0,0.323
Ddx5,0,1.2601686647668,0.657,0.336,0,0.321
Cdk5r2,0,1.4610171951483,0.482,0.163,0,0.319
Hook1,0,1.73539309101555,0.464,0.146,0,0.318
Man2a2,0,0.991701634436795,0.712,0.394,0,0.318
Abca4,0,0.580204484982248,0.802,0.486,0,0.316
Susd3,0,2.14564050432417,0.416,0.1,0,0.316
Dusp11,0,2.15513777712841,0.435,0.12,0,0.315
Ap2a2,0,0.877363833287217,0.595,0.28,0,0.315
Vopp1,0,0.541185869126198,0.635,0.322,0,0.313
Ppp2r2b,0,1.15376262610665,0.509,0.197,0,0.312
Dpysl3,0,0.963440673461032,0.56,0.249,0,0.311
Psd,0,1.75905913145963,0.435,0.124,0,0.311
Rufy3,0,1.06262784426011,0.554,0.244,0,0.31
Cdhr1,0,0.360750076004959,0.658,0.348,0,0.31
Chd7,0,1.7618993593299,0.449,0.14,0,0.309
Zfp445,0,2.03006018088655,0.436,0.127,0,0.309
Mtcl1,0,2.32295478091914,0.393,0.084,0,0.309
Lrit2,0,1.40330387761149,0.478,0.169,0,0.309
Gpsm2,0,1.83132982144067,0.427,0.119,0,0.308
Cspp1,0,2.99934627220843,0.363,0.056,0,0.307
Arl4d,0,2.24066006211836,0.398,0.092,0,0.306
Ebpl,0,0.790524594356768,0.56,0.254,0,0.306
Slc1a7,0,1.33734061652095,0.469,0.164,0,0.305
Rims2,0,1.59482677013095,0.445,0.141,0,0.304
Podxl,0,2.33412816589153,0.371,0.067,0,0.304
Abhd14a,0,2.7495605632654,0.368,0.064,0,0.304
Ppp3cc,0,1.62724181475289,0.434,0.13,0,0.304
Prpf39,0,2.43598494537535,0.392,0.09,0,0.302
Kdm3b,0,1.67238003458811,0.464,0.162,0,0.302
Mllt6,0,0.964485646055323,0.568,0.266,0,0.302
Grina,0,0.814386844904818,0.747,0.446,0,0.301
Ankrd12,0,2.12424414431796,0.402,0.102,0,0.3
Lrit3,0,1.61060354583733,0.418,0.118,0,0.3
Pgap3,0,2.73997415081708,0.358,0.059,0,0.299
Nt5e,0,1.65361866505235,0.438,0.14,0,0.298
Lyar,0,1.44482618260096,0.442,0.145,0,0.297
Rab28,0,1.09319887332953,0.525,0.228,0,0.297
Kcnb1,0,0.689030287065191,0.559,0.263,0,0.296
Kcnj14,0,1.23253794537741,0.463,0.167,0,0.296
Taok3,0,1.90279270771224,0.415,0.119,0,0.296
Ctbp2,0,0.956690353951329,0.636,0.34,0,0.296
Ldha,0,0.823893804329033,0.644,0.349,0,0.295
Ppip5k1,0,1.91385547026021,0.409,0.114,0,0.295
Polg2,0,2.10821370561913,0.389,0.096,0,0.293
Unc13b,0,1.80089000288993,0.416,0.123,0,0.293
Cul5,0,1.89867653811892,0.413,0.12,0,0.293
Wdtc1,0,1.07372735908926,0.529,0.237,0,0.292
Bicdl1,0,1.04477579508615,0.496,0.204,0,0.292
Gnaz,0,1.41200666257099,0.441,0.149,0,0.292
Phlpp2,0,2.56720593138417,0.362,0.07,0,0.292
Tbc1d24,0,1.96864623653114,0.394,0.103,0,0.291
Epc1,0,1.88572485184097,0.434,0.143,0,0.291
Tax1bp1,0,0.957184426365984,0.616,0.326,0,0.29
Gucd1,0,2.33392014786949,0.368,0.078,0,0.29
Dmd,0,1.71554726461114,0.425,0.136,0,0.289
Frmpd1,0,2.04571952831655,0.379,0.091,0,0.288
Zdhhc2,0,1.18761297521353,0.516,0.228,0,0.288
Syt1,0,0.566397494491902,0.588,0.3,0,0.288
Pdzd2,0,2.22252441807291,0.374,0.087,0,0.287
Slc25a25,0,2.37441285870436,0.361,0.074,0,0.287
Cerkl,0,2.66944659740787,0.347,0.06,0,0.287
Slc1a2,0,0.590395296845352,0.583,0.297,0,0.286
Ncoa2,0,1.2200051968367,0.479,0.194,0,0.285
Lpcat1,0,1.52422351294524,0.447,0.164,0,0.283
Wdfy3,0,1.69629409270036,0.452,0.17,0,0.282
Mok,0,2.88882048622361,0.331,0.049,0,0.282
Wdr31,0,2.3529383123821,0.351,0.069,0,0.282
Med13l,0,1.87167816827727,0.399,0.118,0,0.281
Kmt2d,0,1.48142148166111,0.464,0.183,0,0.281
Cpt1a,0,1.78163931139513,0.42,0.139,0,0.281
Ypel2,0,1.7295949831247,0.401,0.121,0,0.28
Syne2,0,1.76974994354759,0.4,0.121,0,0.279
Adgrv1,0,1.93138330524118,0.387,0.108,0,0.279
Ubtd1,0,1.79674680625874,0.391,0.112,0,0.279
Mta2,0,1.45696989670708,0.464,0.186,0,0.278
Btrc,0,2.06180156844322,0.381,0.104,0,0.277
Hk1,0,0.449142067553765,0.693,0.416,0,0.277
Rgs9bp,0,1.62842058564664,0.394,0.118,0,0.276
Sik2,0,2.15137447038897,0.367,0.091,0,0.276
Acadvl,0,1.92114929078449,0.401,0.125,0,0.276
C2cd5,0,2.53563079332775,0.345,0.069,0,0.276
Rpgr,0,2.8150930653219,0.328,0.053,0,0.275
Meis1,0,2.16618392157802,0.361,0.088,0,0.273
Igsf11,0,1.88907776736631,0.383,0.11,0,0.273
Tapt1,0,2.43800609048822,0.344,0.071,0,0.273
Hipk3,0,1.17990591077445,0.491,0.219,0,0.272
Nktr,0,2.09869930699431,0.376,0.104,0,0.272
Slc16a6,0,1.80968295375944,0.395,0.123,0,0.272
Clk1,0,1.17719045177572,0.484,0.214,0,0.27
Plekhf2,0,2.24761487184018,0.348,0.078,0,0.27
Eno2,0,1.39929164585037,0.426,0.157,0,0.269
Gnb3,0,0.972925110084136,0.397,0.128,0,0.269
Jarid2,0,2.04316806629243,0.371,0.102,0,0.269
Lsm14a,0,0.971081833952469,0.528,0.26,0,0.268
Rorb,0,0.944268107611135,0.506,0.238,0,0.268
Pnisr,0,1.68346312992275,0.402,0.135,0,0.267
Rtbdn,0,0.5778318542581,0.523,0.256,0,0.267
Snap91,0,1.09822133108116,0.459,0.192,0,0.267
Heatr5a,0,2.27732502720174,0.347,0.08,0,0.267
Klhl36,0,2.43478798762454,0.331,0.065,0,0.266
Snrk,0,1.22589111999646,0.434,0.168,0,0.266
Zfp207,0,1.74616265088227,0.415,0.149,0,0.266
Sec22a,0,2.20689732574642,0.342,0.079,0,0.263
Fam193b,0,2.31716370092929,0.345,0.082,0,0.263
Hspa4l,0,1.09951661335063,0.462,0.2,0,0.262
Arhgap10,0,1.89653948534538,0.368,0.106,0,0.262
Lbhd1,0,2.06859923958261,0.342,0.08,0,0.262
Nxnl2,0,0.945473093178056,0.442,0.181,0,0.261
Fhod3,0,2.45742527120745,0.322,0.061,0,0.261
Scamp5,0,0.619474972220279,0.548,0.289,0,0.259
Plxna2,0,2.09884829295283,0.35,0.091,0,0.259
Wdr20,0,2.44139484618935,0.329,0.07,0,0.259
Arl13b,0,2.3009995667302,0.328,0.069,0,0.259
Rnf207,0,3.80415854989514,0.282,0.023,0,0.259
Fam160a1,0,2.91154681710973,0.301,0.043,0,0.258
Gdpd5,0,1.35076383897,0.438,0.18,0,0.258
Ip6k1,0,1.33676877219,0.461,0.203,0,0.258
Laptm4b,0,0.426544279259689,0.676,0.42,0,0.256
Kdm2a,0,1.50199453847292,0.44,0.184,0,0.256
Insm1,0,2.85549069781222,0.299,0.045,0,0.254
Galnt7,0,2.15986146628208,0.334,0.08,0,0.254
Gtf2f2,0,1.86625057544978,0.361,0.107,0,0.254
Lgalsl,0,0.687954324906626,0.499,0.246,0,0.253
Fance,0,2.24566426098487,0.326,0.073,0,0.253
Upf3b,0,2.33079720603775,0.324,0.071,0,0.253
Srsf5,0,1.26714294760189,0.481,0.229,0,0.252
Zscan26,0,1.80846477712896,0.371,0.119,0,0.252
Faf1,0,2.11787448069941,0.342,0.091,0,0.251
Bbs2,0,2.08361957723233,0.333,0.082,0,0.251
Fsd1l,0,1.96613649595121,0.334,0.084,0,0.25
Ahr,0,2.81928354582108,0.295,0.045,0,0.25
Ric1,0,1.54713502990983,0.382,0.133,0,0.249
Lifr,0,1.37571208635382,0.389,0.141,0,0.248
Rnpc3,0,1.88429667952234,0.338,0.091,0,0.247
Ppp2r5e,0,1.48683559512918,0.396,0.149,0,0.247
Wasf3,0,0.787804403537083,0.478,0.231,0,0.247
Zranb1,0,1.23703285300234,0.413,0.166,0,0.247
Cirbp,0,0.694212395414206,0.567,0.32,0,0.247
Sgip1,0,1.33943703543166,0.385,0.139,0,0.246
Zdhhc17,0,1.75229329911182,0.35,0.104,0,0.246
Flcn,0,1.57141190079551,0.393,0.148,0,0.245
Lmbr1l,0,2.58082127435891,0.302,0.057,0,0.245
Fam149a,0,1.78897306863706,0.337,0.093,0,0.244
Map7,0,1.32933649658977,0.401,0.157,0,0.244
Shroom3,0,2.2768085448442,0.309,0.065,0,0.244
Srek1,0,2.02523924921863,0.341,0.098,0,0.243
Baz2b,0,1.800333219869,0.354,0.111,0,0.243
Adcy6,0,2.54110644476872,0.3,0.057,0,0.243
Ccnl1,0,0.913536028069194,0.414,0.171,0,0.243
Ppp1r9a,0,1.41121866032051,0.401,0.159,0,0.242
Psd2,0,3.74925018036801,0.27,0.028,0,0.242
Dnm3,0,1.47495818992322,0.365,0.123,0,0.242
Elfn1,0,1.88113878205532,0.324,0.082,0,0.242
Ppm1n,0,2.35558508216529,0.298,0.056,0,0.242
Ap1b1,0,0.942349253183448,0.484,0.242,0,0.242
Slc38a3,0,0.58696306712129,0.673,0.432,0,0.241
Ubxn11,0,2.76524282970022,0.285,0.044,0,0.241
Slc6a6,0,0.290937462126755,0.763,0.522,0,0.241
Hook3,0,1.2759610400541,0.413,0.172,0,0.241
Kmt2a,0,2.06102866644038,0.334,0.094,0,0.24
Doc2b,0,1.76685052718934,0.33,0.09,0,0.24
Hnrnpu,0,1.08631020253598,0.499,0.259,0,0.24
Map2k7,0,1.8534818346255,0.347,0.107,0,0.24
Arfgef1,0,1.24255214744373,0.411,0.171,0,0.24
Camk1d,0,0.991829767286354,0.439,0.2,0,0.239
Wapl,0,1.52767796814003,0.375,0.136,0,0.239
Glcci1,0,1.40732708300101,0.365,0.127,0,0.238
Dusp8,0,0.932594427386563,0.441,0.204,0,0.237
Ntm,0,1.51484732849274,0.354,0.117,0,0.237
Hif1a,0,0.844791759869221,0.49,0.253,0,0.237
Peli3,0,2.29687720820947,0.297,0.06,0,0.237
Synj1,0,1.41066678188776,0.385,0.149,0,0.236
Wdr47,0,2.13387448098531,0.308,0.072,0,0.236
N4bp2l2,0,1.8091512008492,0.355,0.119,0,0.236
Klc3,0,0.927366326740242,0.427,0.191,0,0.236
Stk35,0,1.77499854407207,0.343,0.108,0,0.235
Llgl2,0,2.23359485483886,0.298,0.063,0,0.235
Aak1,0,1.64247380460603,0.359,0.125,0,0.234
Atp11b,0,1.85552156729711,0.329,0.096,0,0.233
Slc12a6,0,1.68455688248867,0.351,0.118,0,0.233
Ift81,0,2.14224282846483,0.304,0.071,0,0.233
Rbm25,0,1.75486387086327,0.36,0.128,0,0.232
Xrcc6,0,2.72477997530838,0.281,0.05,0,0.231
Trim2,0,1.342394097512,0.369,0.138,0,0.231
Hnrnph3,0,1.5244071016329,0.363,0.132,0,0.231
Zfyve28,0,2.80478747340979,0.272,0.042,0,0.23
Ip6k2,0,2.02613251773896,0.316,0.086,0,0.23
Camsap1,0,2.39712731743533,0.286,0.056,0,0.23
Wdr78,0,1.87563764078698,0.315,0.085,0,0.23
Dixdc1,0,2.1537458817701,0.298,0.068,0,0.23
Mamld1,0,1.93491535540592,0.313,0.083,0,0.23
Igsf9,0,2.48639495746039,0.279,0.051,0,0.228
Ttc14,0,1.79005277949167,0.335,0.107,0,0.228
Rbm33,0,1.92133790273623,0.325,0.097,0,0.228
Acin1,0,1.40289464867073,0.393,0.165,0,0.228
Spry2,0,1.2397450783875,0.352,0.124,0,0.228
Tnfaip3,0,1.11764621957241,0.341,0.114,0,0.227
Rora,0,0.875865818825709,0.44,0.213,0,0.227
Prcd,0,0.390970042156851,0.527,0.301,0,0.226
Sema3f,0,1.08813342610512,0.428,0.202,0,0.226
Ttyh2,0,1.06628241022255,0.401,0.176,0,0.225
Bbs4,0,1.59630970847418,0.326,0.101,0,0.225
Nipbl,0,1.37802901923254,0.381,0.156,0,0.225
Uhmk1,0,1.17872440496436,0.411,0.186,0,0.225
Synrg,0,1.40167584956246,0.358,0.133,0,0.225
Msi1,0,0.542977610795028,0.524,0.3,0,0.224
Brsk2,0,1.49516050301186,0.338,0.114,0,0.224
Syp,0,0.293728723271813,0.541,0.317,0,0.224
Plcd3,0,2.10467634034932,0.289,0.065,0,0.224
Tob2,0,1.40532949430786,0.358,0.135,0,0.223
Trip12,0,1.13932910388374,0.462,0.24,0,0.222
H3f3b,0,0.635096198704213,0.68,0.459,0,0.221
Srsf1,0,1.44999644917274,0.378,0.157,0,0.221
D5Ertd579e,0,1.67865288399931,0.339,0.119,0,0.22
Sh3glb1,0,1.05278695999237,0.44,0.22,0,0.22
Tube1,0,2.97581473491204,0.253,0.033,0,0.22
Cdk2ap2,0,1.03368530538901,0.41,0.19,0,0.22
Cecr2,0,2.17352933969596,0.279,0.06,0,0.219
Zfp536,0,1.68750447237555,0.333,0.114,0,0.219
Kansl1,0,1.52210562495336,0.364,0.145,0,0.219
Crb2,0,2.11382706125529,0.291,0.072,0,0.219
Gbf1,0,1.67631016704586,0.333,0.115,0,0.218
Arrdc3,0,1.78093852953289,0.316,0.098,0,0.218
Xpo1,0,1.56584591125769,0.358,0.14,0,0.218
Kmt2c,0,1.68812763520104,0.327,0.11,0,0.217
Cc2d2a,0,2.74739383369182,0.26,0.043,0,0.217
Abcg4,0,2.19350236199821,0.279,0.062,0,0.217
Prr14,0,1.78398356175458,0.31,0.093,0,0.217
Acaca,0,1.91485551645577,0.309,0.092,0,0.217
Kif1a,0,1.11262690940416,0.418,0.201,0,0.217
Wwox,0,2.23036025039291,0.283,0.066,0,0.217
Med13,0,1.0187436911221,0.435,0.219,0,0.216
Inka2,0,1.96945165189088,0.285,0.069,0,0.216
Fam3c,0,0.488201021541665,0.494,0.278,0,0.216
Zfp444,0,1.58791852538191,0.321,0.106,0,0.215
Atp11a,0,0.959318676171548,0.46,0.245,0,0.215
Dync1h1,0,0.548650801005521,0.558,0.343,0,0.215
Clk4,0,1.72150236658875,0.327,0.113,0,0.214
Tmem136,0,1.07228370413904,0.364,0.15,0,0.214
Rax,0,1.65484414342132,0.308,0.094,0,0.214
Thoc5,0,1.25236933143786,0.34,0.127,0,0.213
Kat6b,0,1.67761435675998,0.327,0.114,0,0.213
Cep120,0,1.59083227159061,0.323,0.11,0,0.213
Dgkd,0,0.984563497631799,0.368,0.155,0,0.213
Kif3b,0,1.73869461841244,0.311,0.098,0,0.213
Riok3,0,1.4375267933541,0.354,0.141,0,0.213
Rassf8,0,1.43703589397915,0.338,0.126,0,0.212
Epb41l5,0,1.64914875614032,0.31,0.099,0,0.211
Desi1,0,0.955232746289201,0.441,0.23,0,0.211
Cep164,0,2.70957525097287,0.251,0.041,0,0.21
Usp6nl,0,1.3228522523597,0.327,0.118,0,0.209
Slc12a5,0,1.5289714974803,0.3,0.091,0,0.209
Trib2,0,1.1294366707825,0.362,0.153,0,0.209
Trak2,0,0.929629938232418,0.403,0.195,0,0.208
Ttll5,0,2.4139943752818,0.264,0.056,0,0.208
Amph,0,1.24950555369181,0.333,0.125,0,0.208
Tbc1d30,0,2.34823279734016,0.257,0.05,0,0.207
Pacsin2,0,0.755890915377979,0.443,0.236,0,0.207
Med24,0,1.78704302394872,0.296,0.089,0,0.207
Mtfr1,0,0.943774201328123,0.381,0.175,0,0.206
Ift74,0,2.03014098586071,0.276,0.07,0,0.206
Rbm5,0,1.44709450035846,0.354,0.148,0,0.206
Hist1h1e,0,1.27027553683149,0.359,0.153,0,0.206
Myt1,0,2.21455919267384,0.262,0.057,0,0.205
Glo1,0,0.540103886004081,0.541,0.336,0,0.205
Tnks2,0,1.1579866281775,0.388,0.183,0,0.205
Snta1,0,1.81191530991933,0.294,0.089,0,0.205
Rhot2,0,1.72806329212852,0.295,0.09,0,0.205
Ccdc85c,0,0.912679520558021,0.393,0.189,0,0.204
Dyrk1b,0,1.83950250992939,0.29,0.086,0,0.204
Luc7l3,0,1.29745654935842,0.348,0.144,0,0.204
Mcf2l,0,1.36289589544185,0.318,0.115,0,0.203
Col4a3bp,0,1.66577210977667,0.313,0.111,0,0.202
Dhrs3,0,0.880510298449854,0.434,0.232,0,0.202
Oxct1,0,1.4642428107535,0.327,0.126,0,0.201
Camta1,0,1.59627401905375,0.302,0.101,0,0.201
Zfyve27,0,1.84599097651222,0.294,0.093,0,0.201
Adnp,0,1.09570364464625,0.402,0.202,0,0.2
Cnot6l,0,1.52027614964433,0.319,0.119,0,0.2
Macrod2,0,2.21674836918434,0.261,0.062,0,0.199
Scarb1,0,0.786993386903225,0.481,0.282,0,0.199
Acvr2b,0,1.9602786132569,0.266,0.067,0,0.199
Prpf4b,0,1.52220962456343,0.331,0.132,0,0.199
Pias1,0,1.82549132365654,0.286,0.087,0,0.199
Akap8,0,1.85828350290787,0.292,0.093,0,0.199
Ralgapa1,0,1.51405111810541,0.321,0.123,0,0.198
Brwd1,0,1.60441191309377,0.316,0.118,0,0.198
Ckmt1,0,0.786240267802806,0.368,0.17,0,0.198
Atg4c,0,1.74538645329719,0.285,0.087,0,0.198
Chsy1,0,2.05446296365417,0.264,0.067,0,0.197
Tnrc6c,0,1.64773766388897,0.302,0.105,0,0.197
Gtf2ird1,0,1.60112079283583,0.297,0.1,0,0.197
Nsd1,0,1.04331844680859,0.424,0.227,0,0.197
Ccnl2,0,1.58056380310549,0.325,0.129,0,0.196
Trappc9,0,1.64117018549592,0.301,0.105,0,0.196
Ubr3,0,1.26268100039201,0.355,0.159,0,0.196
Cds1,0,0.459980469225268,0.416,0.22,0,0.196
Cited2,0,0.909738451633785,0.383,0.188,0,0.195
Sfi1,0,2.33518342403303,0.254,0.059,0,0.195
Nsf,0,0.690545730802703,0.403,0.209,0,0.194
Phc2,0,1.2325208365821,0.353,0.159,0,0.194
Srcap,0,1.31576395942365,0.348,0.154,0,0.194
Brd8,0,1.7089854895118,0.292,0.098,0,0.194
Camta2,0,1.76307772188576,0.281,0.09,0,0.191
Ptbp2,0,1.48953112195479,0.312,0.121,0,0.191
Tra2a,0,1.11125615391912,0.38,0.189,0,0.191
Sugp2,0,1.75178880520103,0.278,0.088,0,0.19
Klhdc8b,0,1.29323034688996,0.326,0.136,0,0.19
Usp34,0,1.33926648514823,0.321,0.131,0,0.19
Jmjd1c,0,1.00932232741626,0.355,0.165,0,0.19
Clcn3,0,0.825494037722892,0.432,0.243,0,0.189
Slc25a19,0,2.13506759007884,0.254,0.065,0,0.189
Tjp2,0,1.39660258890103,0.315,0.126,0,0.189
Mcts1,0,1.87002046927505,0.274,0.085,0,0.189
Ranbp2,0,1.18465430276352,0.358,0.169,0,0.189
Spg7,0,1.2519577540624,0.324,0.136,0,0.188
Celf2,0,1.15455806861985,0.364,0.177,0,0.187
Dnajc5,0,0.727177199067798,0.429,0.242,0,0.187
Prkab1,0,1.31820593738889,0.296,0.109,0,0.187
Acsl1,0,1.91268166753306,0.257,0.07,0,0.187
Top2b,0,1.00552338711863,0.367,0.18,0,0.187
Zfp292,0,1.69965504524493,0.282,0.095,0,0.187
Polr2a,0,0.895004541857888,0.408,0.221,0,0.187
Golgb1,0,1.82453309453565,0.272,0.086,0,0.186
Tmem150c,0,1.36492818689639,0.29,0.104,0,0.186
Guca1a,0,0.842918789824596,0.337,0.152,0,0.185
Kpna2,0,1.3044573665326,0.289,0.104,0,0.185
Paqr4,0,1.11788027192259,0.343,0.159,0,0.184
Slc25a33,0,1.28183784323698,0.313,0.129,0,0.184
Stom,0,1.66749979627863,0.276,0.093,0,0.183
Gpatch8,0,1.95571483479432,0.254,0.071,0,0.183
Dlc1,0,1.34540262566794,0.284,0.102,0,0.182
Zfp280d,0,1.83870058725584,0.264,0.082,0,0.182
Lrrc1,0,1.99533390013654,0.251,0.069,0,0.182
Gtf3c2,0,1.49758018309938,0.305,0.124,0,0.181
Senp3,0,1.86575232382112,0.261,0.08,0,0.181
Sp4,0,1.14931396514624,0.306,0.125,0,0.181
Patj,0,1.85009613732185,0.256,0.077,0,0.179
Papola,0,1.03222299804085,0.39,0.212,0,0.178
Rbm6,0,1.61031858799655,0.28,0.103,0,0.177
Srpk2,0,1.42122731431212,0.298,0.121,0,0.177
Snrnp70,0,1.48366630949979,0.303,0.126,0,0.177
Zfp866,0,1.80499128088326,0.262,0.085,0,0.177
Smarcc2,0,0.76233322945943,0.432,0.255,0,0.177
Zbtb18,0,1.05375450139067,0.321,0.145,0,0.176
Gse1,0,1.35582070222343,0.283,0.107,0,0.176
Stxbp5,0,1.56808093772319,0.265,0.09,0,0.175
Pnn,0,1.67308982156963,0.268,0.093,0,0.175
Ubr5,0,1.20079465435789,0.342,0.167,0,0.175
Kmt5c,0,1.68779481938309,0.259,0.084,0,0.175
Gls,0,0.697099342875189,0.383,0.21,0,0.173
Tet2,0,1.6519563645826,0.264,0.091,0,0.173
Pcf11,0,1.14971532813704,0.318,0.145,0,0.173
Cul4a,0,1.03012900084708,0.336,0.163,0,0.173
Zdhhc5,0,0.414965474604649,0.426,0.253,0,0.173
Cdk19,0,0.765883893815889,0.361,0.188,0,0.173
Tlk2,0,1.34203418203183,0.291,0.118,0,0.173
Hmgcr,0,1.08191839313338,0.32,0.148,0,0.172
Ubxn7,0,1.02261920372126,0.328,0.156,0,0.172
Srsf4,0,1.1225184190458,0.302,0.13,0,0.172
Heg1,0,1.09649080072826,0.302,0.13,0,0.172
Ocrl,0,1.62992210502133,0.269,0.098,0,0.171
Plk5,0,1.20577363046375,0.291,0.12,0,0.171
Cpsf6,0,1.16559408801235,0.325,0.155,0,0.17
Srsf6,0,1.08516583295487,0.357,0.187,0,0.17
Zc3h4,0,1.17036152716899,0.303,0.133,0,0.17
Akap11,0,1.07703222996503,0.312,0.143,0,0.169
Akap8l,0,1.64810259585273,0.261,0.092,0,0.169
Mbnl2,0,0.798107793130433,0.411,0.242,0,0.169
Mreg,0,1.44328197068854,0.25,0.082,0,0.168
Fam193a,0,1.31538351832214,0.285,0.117,0,0.168
Agpat5,0,1.13590478808209,0.294,0.126,0,0.168
Npepps,0,0.937048741431529,0.349,0.181,0,0.168
Add1,0,0.6108242855411,0.449,0.282,0,0.167
Btbd9,0,1.65421860888823,0.257,0.09,0,0.167
Kras,0,1.20968887614133,0.295,0.129,0,0.166
Tmcc1,0,1.34404847446944,0.281,0.116,0,0.165
Ep300,0,1.14437182930452,0.315,0.15,0,0.165
Wdr33,0,1.36532405335112,0.291,0.126,0,0.165
Tmem108,0,1.54957954165785,0.253,0.089,0,0.164
Usp19,0,1.332720258139,0.282,0.118,0,0.164
Bbs1,0,1.20329344625527,0.268,0.105,0,0.163
Nlgn2,0,1.16108232014387,0.31,0.147,0,0.163
Lpgat1,0,0.503518747315216,0.42,0.257,0,0.163
Tusc3,0,0.541235709697476,0.416,0.253,0,0.163
Ipmk,0,0.993092169294401,0.285,0.122,0,0.163
Cnot6,0,0.413015570014325,0.433,0.27,0,0.163
Apc,0,1.14632861779234,0.289,0.126,0,0.163
Mpdz,0,1.46104584276566,0.254,0.092,0,0.162
Bmpr1a,0,1.05927115910775,0.326,0.164,0,0.162
Nbea,0,1.20836126992534,0.282,0.12,0,0.162
Bcat1,0,1.17620758456396,0.293,0.131,0,0.162
Ccar1,0,1.35394031267301,0.279,0.119,0,0.16
Rnf157,0,0.750274100158415,0.313,0.153,0,0.16
Ncoa1,0,0.964165945658889,0.323,0.163,0,0.16
Psmc6,0,0.86012678204895,0.361,0.201,0,0.16
Scg5,0,0.37919385706997,0.399,0.24,0,0.159
Sh3gl2,0,0.713796616324309,0.339,0.18,0,0.159
Cyth2,0,0.889855805537956,0.325,0.166,0,0.159
Mtmr6,0,1.59047475094435,0.253,0.094,0,0.159
Sh3bgrl2,0,1.23912728127661,0.265,0.107,0,0.158
Gtpbp1,0,0.728354118908074,0.337,0.179,0,0.158
Chd9,0,1.38738236278858,0.258,0.1,0,0.158
Casc3,0,1.48005988536908,0.254,0.096,0,0.158
Ipo5,0,1.12141634989431,0.305,0.147,0,0.158
Mylk,0,0.332436493484263,0.368,0.21,0,0.158
March1,0,0.821980234553643,0.295,0.137,0,0.158
Arih1,0,0.874976346479324,0.351,0.193,0,0.158
Clasp2,0,1.27433003534278,0.287,0.129,0,0.158
Kmt5b,0,1.3317253739548,0.271,0.114,0,0.157
Prrc2c,0,0.816672616785552,0.379,0.222,0,0.157
Creb1,0,1.3231805636315,0.268,0.112,0,0.156
Atf7ip,0,1.26841341925746,0.281,0.125,0,0.156
Crlf3,0,1.31710139684362,0.263,0.107,0,0.156
Ptpn21,0,1.24384969937467,0.258,0.102,0,0.156
Phax,0,1.33590531899118,0.251,0.096,0,0.155
Get4,0,1.06330370686423,0.282,0.127,0,0.155
Mgarp,0.00298510991044646,-0.530696487158989,0.622,0.467,1,0.155
Cuedc1,0,1.16189484057381,0.277,0.123,0,0.154
Mapk9,0,1.40745547177852,0.255,0.101,0,0.154
Ccndbp1,0,0.591422750989279,0.35,0.196,0,0.154
Kmt2e,0,1.19923247164084,0.288,0.134,0,0.154
Ash1l,0,1.23148320608894,0.281,0.128,0,0.153
Vldlr,0,0.759763701311863,0.34,0.187,0,0.153
Hsbp1l1,0,1.10170911265982,0.252,0.099,0,0.153
Lactbl1,0,0.589216345751868,0.265,0.113,0,0.152
Thoc2,0,1.30076485321034,0.262,0.11,0,0.152
Cdc37l1,0,1.23711654451339,0.285,0.133,0,0.152
Strbp,0,1.11101126315122,0.279,0.128,0,0.151
Lrch4,0,1.35811835571475,0.272,0.121,0,0.151
Rbm7,0,0.814506258381128,0.325,0.174,0,0.151
Nxf1,0,1.33658015618189,0.267,0.116,0,0.151
Ddit4,0,1.38999491046811,0.251,0.1,0,0.151
Napb,0,0.964338795571741,0.274,0.124,0,0.15
Ypel3,0,0.823932447293924,0.334,0.184,0,0.15
Cnot1,0,1.1618217077458,0.274,0.124,0,0.15
Cul1,0,0.941673038025323,0.341,0.192,0,0.149
Arid2,0,1.25612204074239,0.269,0.12,0,0.149
Atxn1,0,1.08806855278047,0.259,0.111,0,0.148
Hmgn1,2.39463011329057e-239,0.253247677385313,0.396,0.248,3.93820868431767e-235,0.148
Arglu1,0,1.00245092453702,0.318,0.171,0,0.147
Vezf1,0,0.846399615272422,0.31,0.163,0,0.147
Tmx1,0,0.722762210114584,0.372,0.225,0,0.147
Mier1,0,1.44233050317001,0.25,0.104,0,0.146
Raf1,0,1.33390127599864,0.259,0.114,0,0.145
Syngr1,0,0.689267294871701,0.339,0.194,0,0.145
Bzw2,0,0.987787456926704,0.267,0.123,0,0.144
Pcm1,0,1.09784293714695,0.29,0.146,0,0.144
Ndufs2,2.39184066800996e-240,0.352124300964079,0.462,0.319,3.93362116260918e-236,0.143
Hdac5,0,1.04831514414714,0.274,0.132,0,0.142
Fgd4,0,0.903921874962351,0.299,0.157,0,0.142
Mau2,0,1.22636995177256,0.254,0.113,0,0.141
Lsm14b,0,0.9774225587714,0.284,0.143,0,0.141
Brd4,0,1.05958011785683,0.292,0.151,0,0.141
Enah,0,1.0939553402175,0.268,0.128,0,0.14
Map3k1,0,1.18961424123454,0.252,0.112,0,0.14
Ist1,0,1.10541712587028,0.291,0.151,0,0.14
Gpm6b,4.12829288542181e-250,0.260809339572129,0.359,0.22,6.7893904793647e-246,0.139
Rnf145,0,1.0638193258427,0.28,0.142,0,0.138
Agap3,0,1.10077159662407,0.269,0.131,0,0.138
Usp47,0,1.05458822293939,0.269,0.131,0,0.138
Poldip3,0,0.956048907978833,0.287,0.149,0,0.138
Klf9,0,0.74840714153734,0.309,0.171,0,0.138
Oga,0,1.02920975192078,0.297,0.159,0,0.138
Ivns1abp,8.45310079832621e-304,0.385566310855818,0.333,0.196,1.39019695729273e-299,0.137
Qrich1,0,0.958144242027012,0.291,0.154,0,0.137
Mgat1,0,1.09847913851035,0.272,0.136,0,0.136
Chchd3,0,0.915065319748001,0.287,0.151,0,0.136
Trp53inp2,0,0.705751312777011,0.337,0.202,0,0.135
Tnpo2,0,1.04762238466535,0.264,0.129,0,0.135
Araf,0,1.12835663604584,0.266,0.131,0,0.135
Tardbp,0,1.01157933151982,0.292,0.157,0,0.135
Ckap5,0,0.925778840050908,0.277,0.144,0,0.133
Dusp7,0,0.900257603112257,0.276,0.143,0,0.133
Atp2c1,0,0.893556927283909,0.308,0.175,0,0.133
Apbb1,5.84243879549799e-278,0.538842594339513,0.349,0.216,9.60847484307599e-274,0.133
Ptar1,0,0.954606545670615,0.281,0.149,0,0.132
Mkln1,0,1.01914881323464,0.282,0.15,0,0.132
Uap1,0,0.828709118884855,0.266,0.135,0,0.131
Bhlhe41,0,0.90690574216418,0.283,0.153,0,0.13
Scaf11,0,0.81695642021568,0.289,0.159,0,0.13
Srsf7,0,0.9845402260173,0.269,0.14,0,0.129
Hnrnpm,1.37179714941163e-239,0.454063522304373,0.419,0.29,2.25605759192236e-235,0.129
Dnmt3a,1.1263417105528e-179,0.251361915998986,0.454,0.325,1.85238157717514e-175,0.129
Rnf6,0,0.917816298042199,0.259,0.131,0,0.128
Elmod2,0,0.808682855315081,0.254,0.126,0,0.128
Srrm2,0,0.866842363695017,0.301,0.173,0,0.128
Zmynd11,2.10445892418093e-298,0.721067250708534,0.384,0.256,3.46099314670796e-294,0.128
Pip4k2c,6.90113667952803e-286,0.615257743494312,0.319,0.191,1.13496093831518e-281,0.128
Myef2,0,0.866988918968099,0.265,0.139,0,0.126
Sfpq,0,0.831906193312086,0.309,0.183,0,0.126
Stag2,2.05673445016995e-285,0.643763115457669,0.319,0.193,3.38250547674949e-281,0.126
Ankrd17,0,1.02319910082642,0.268,0.144,0,0.124
Max,0,0.7920940735641,0.27,0.146,0,0.124
Rbm39,0,1.04170490378628,0.258,0.134,0,0.124
Ppp3cb,1.44977451572519e-293,0.717971030657274,0.313,0.189,2.38429916856164e-289,0.124
Ppm1a,8.87263283143077e-261,0.590304536362489,0.37,0.246,1.4591931954571e-256,0.124
R3hdm4,2.0670303350958e-223,0.401171073596743,0.361,0.237,3.39943808909855e-219,0.124
Hnrnpr,0,0.896359125218302,0.288,0.164,0,0.124
Akirin2,0,0.8432472865758,0.278,0.155,0,0.123
March7,0,1.03041524849259,0.255,0.132,0,0.123
U2af2,2.14698723649636e-306,0.810914218621784,0.318,0.195,3.53093520914191e-302,0.123
Pmm1,1.51141722146585e-190,0.326329141381176,0.403,0.28,2.48567676242274e-186,0.123
Ttyh1,8.92792321735368e-41,-0.275951191204229,0.493,0.37,1.46828625232599e-36,0.123
Trim44,4.0712717541372e-282,0.689716046957589,0.307,0.185,6.69561352685404e-278,0.122
Snx12,7.75075876158453e-303,0.741896486079421,0.284,0.162,1.27468978593019e-298,0.122
Patz1,0,0.960493661576672,0.261,0.14,0,0.121
Dek,1.34385213324791e-293,0.715108351546327,0.281,0.161,2.21009921833951e-289,0.12
Uqcc3,1.84448301635477e-292,0.646327078941715,0.27,0.15,3.03343676869705e-288,0.12
Rraga,0,0.863376178609055,0.269,0.15,0,0.119
Vbp1,5.8226634816494e-272,0.647035004769057,0.299,0.18,9.5759523619206e-268,0.119
Hadhb,0,0.964212172833156,0.264,0.146,0,0.118
Odc1,3.9263987522927e-228,0.408205424267376,0.335,0.217,6.45735538802057e-224,0.118
Immt,0,0.911095842799243,0.256,0.138,0,0.118
Ythdf3,2.72332005554412e-287,0.785318606464878,0.304,0.186,4.47877216334786e-283,0.118
Ndufa10,8.19217459219776e-197,0.382872089256855,0.356,0.239,1.34728503343284e-192,0.117
Ube3a,8.83742745177643e-294,0.811658998643658,0.286,0.169,1.45340331871915e-289,0.117
Srp54b,4.43697651800464e-285,0.733343367804284,0.269,0.153,7.29705158151043e-281,0.116
Dtx3,8.36294954546668e-275,0.755932395941852,0.299,0.183,1.37537068224745e-270,0.116
Atp13a3,7.42768456543579e-271,0.724588317531418,0.309,0.193,1.22155700363157e-266,0.116
Ppp3r1,1.35145048994187e-250,0.64625706633328,0.317,0.201,2.2225954757584e-246,0.116
Nbr1,4.45452061208432e-281,0.70105642969348,0.262,0.147,7.32590459863387e-277,0.115
Tmem237,9.07685406071786e-273,0.679377930120017,0.268,0.153,1.49277941882566e-268,0.115
Iqsec1,4.50346588531394e-242,0.634625725845578,0.326,0.211,7.4063999949873e-238,0.115
Ddb1,9.97375130963997e-262,0.656386136506634,0.277,0.163,1.64028314038339e-257,0.114
Far1,0,1.00804752018494,0.251,0.137,0,0.114
Fam120a,0,0.900362054620447,0.253,0.139,0,0.114
Birc6,0,0.960676208038747,0.252,0.138,0,0.114
Fto,1.54070901789021e-296,0.883165332637112,0.261,0.148,2.53385005082224e-292,0.113
Aars,9.47487625474498e-285,0.819572201695246,0.263,0.15,1.55823814885536e-280,0.113
Ddx1,4.38387995294047e-249,0.597426336904219,0.274,0.161,7.2097289706059e-245,0.113
Gsk3b,3.54100345626516e-185,0.429774292575961,0.401,0.291,5.82353428417367e-181,0.11
Ago2,3.26997045263665e-276,0.802357286537181,0.253,0.143,5.37779340640623e-272,0.11
Ccdc107,7.17944484555221e-233,0.555628673068137,0.277,0.167,1.18073149929952e-228,0.11
Mmd,2.28046154200609e-226,0.523611598495285,0.278,0.168,3.75044705198321e-222,0.11
Pabpn1,2.31328535963297e-221,0.616983610480224,0.332,0.222,3.80442910245239e-217,0.11
Ppp6r3,2.98372962211864e-272,0.836489846604523,0.269,0.16,4.90704173653631e-268,0.109
Rbbp6,4.0200379120809e-262,0.820942451163405,0.284,0.175,6.61135435020824e-258,0.109
Akt3,4.69221060310585e-232,0.596940085920304,0.284,0.175,7.71680955786788e-228,0.109
Hnrnpa2b1,7.42072864176557e-163,0.378363873508576,0.464,0.356,1.22041303242477e-158,0.108
Mapre2,5.87472195760791e-254,0.660830823436281,0.254,0.146,9.66156773148196e-250,0.108
Luc7l2,2.60847320166297e-219,0.622439008043835,0.326,0.218,4.28989502745492e-215,0.108
Bclaf1,9.80380003544785e-242,0.723022974544645,0.284,0.177,1.61233295382975e-237,0.107
Dhx9,4.35867343176189e-217,0.625791707983421,0.309,0.202,7.1682743258756e-213,0.107
Chtop,6.0216445398199e-195,0.52941142300838,0.335,0.23,9.9031966101878e-191,0.105
Ogt,1.40274871783238e-245,0.764355263303931,0.257,0.153,2.30696054134713e-241,0.104
Lrrc8b,1.41990604628781e-213,0.53643673001255,0.264,0.16,2.33517748372494e-209,0.104
Sys1,3.51455069357702e-187,0.469181066830732,0.301,0.197,5.78003007065676e-183,0.104
Tob1,6.39736147034663e-158,0.349011533372814,0.357,0.253,1.05211006741321e-153,0.104
Dhx15,2.61481822528449e-248,0.824759525103423,0.255,0.152,4.30033005330287e-244,0.103
Nsd3,7.86546975353476e-210,0.602754682542118,0.297,0.194,1.29355515566633e-205,0.103
Dld,1.68447924452742e-212,0.612308089940181,0.277,0.175,2.77029456554979e-208,0.102
Prpf8,2.73690416775028e-168,0.433032157084228,0.361,0.259,4.50111259428211e-164,0.102
Trak1,9.30477433163793e-184,0.460992010759221,0.291,0.19,1.53026318658117e-179,0.101
Etnk1,8.57777555870596e-157,0.4219790461962,0.408,0.307,1.41070096838478e-152,0.101
Pfkl,1.94384130369651e-133,0.303894592204123,0.409,0.308,3.19684140805929e-129,0.101
Erlec1,1.76005825123327e-205,0.602742633544312,0.273,0.173,2.89459179997823e-201,0.1
Zfp385b,8.42742271382897e-192,0.515751183652912,0.275,0.175,1.38597393951631e-187,0.1
Osbpl8,4.63578072015296e-238,0.842208397739417,0.25,0.15,7.62400497236355e-234,0.1
Hnrnpf,1.99650986322284e-194,0.573242547347028,0.276,0.177,3.28346012105628e-190,0.099
Pdhb,4.3632984465293e-223,0.727682373257836,0.253,0.154,7.17588062516209e-219,0.099
Usp32,1.31576480597494e-221,0.741446525091212,0.254,0.155,2.16390679990639e-217,0.099
Wwc2,2.61103647426822e-198,0.543914713579983,0.253,0.156,4.29411058558152e-194,0.097
Optn,3.84568283175842e-189,0.5350034750392,0.263,0.166,6.3246099851099e-185,0.097
Khsrp,1.38730827393657e-175,0.519559720302843,0.294,0.197,2.28156718731608e-171,0.097
Macf1,9.73358456817893e-152,0.415583745931064,0.345,0.248,1.60078531808271e-147,0.097
Car2,2.87262324868247e-31,-0.605914627302074,0.401,0.305,4.72431619478319e-27,0.096
Ncor1,2.22907715670146e-211,0.756664582787149,0.252,0.156,3.66594029191122e-207,0.096
Pde6d,4.1941241158814e-180,0.428925150935144,0.256,0.16,6.89765652097855e-176,0.096
Hp1bp3,1.87052447331139e-173,0.540013115880756,0.309,0.213,3.07626454880791e-169,0.096
B4galt1,6.08652778800236e-173,0.544433486589805,0.283,0.19,1.00099036001487e-168,0.093
Pde4dip,8.40420647777348e-156,0.453916781179812,0.283,0.191,1.38215579733463e-151,0.092
Tmem230,3.96899867357388e-141,0.331224912329355,0.295,0.203,6.5274152185596e-137,0.092
Adam9,3.84317523487828e-113,0.278258249107192,0.361,0.271,6.32048599128082e-109,0.09
Fubp1,6.63583219845863e-178,0.670440949201544,0.264,0.175,1.09132896335851e-173,0.089
Zfr,1.53808797559729e-144,0.476398083423279,0.293,0.205,2.52953948466731e-140,0.088
Fus,2.43805706203253e-144,0.497831255216385,0.315,0.227,4.00962864421869e-140,0.088
Sirt2,1.58586441938491e-127,0.367988435372964,0.317,0.229,2.60811262412042e-123,0.088
Huwe1,2.15059160525975e-161,0.60064251851027,0.286,0.198,3.53686295401019e-157,0.088
Eif4g3,6.15823578074039e-140,0.500560545455523,0.322,0.236,1.01278345650056e-135,0.086
Sec14l1,4.7443077737224e-135,0.441062771219223,0.296,0.21,7.80248856466385e-131,0.086
Syncrip,2.44912727063625e-126,0.489507694900802,0.284,0.205,4.02783470928838e-122,0.079
Selenot,2.9136919748828e-103,0.380504809276153,0.297,0.221,4.79185782189224e-99,0.076
Suz12,1.27738725099716e-100,0.286488502721713,0.257,0.182,2.10079107298993e-96,0.075
Sf3b1,9.30092496543167e-93,0.305745841444492,0.317,0.242,1.52963011981489e-88,0.075
Add3,1.16112915829233e-98,0.34014162184815,0.278,0.204,1.90959301372757e-94,0.074
Ssb,5.42706148816371e-98,0.364115591671022,0.287,0.214,8.92534532343403e-94,0.073
Pum2,3.85584608585264e-96,0.381374419269096,0.309,0.237,6.34132447279326e-92,0.072
Hnrnpl,8.58868552274015e-86,0.273815633384247,0.277,0.206,1.41249522106984e-81,0.071
Pura,2.34180884791329e-98,0.423629972182483,0.268,0.198,3.8513388312782e-94,0.07
Ubxn4,2.01926670864821e-87,0.337402015143526,0.261,0.194,3.32088602904285e-83,0.067
Nrd1,5.82144090906113e-83,0.343910726029376,0.26,0.194,9.57394171904194e-79,0.066
Rogdi,1.00023337619618e-83,0.386933355276607,0.259,0.195,1.64498381049224e-79,0.064
Sec62,6.28292540769744e-75,0.318442123644487,0.293,0.229,1.03328991254992e-70,0.064
Prrc2a,2.0263728496829e-78,0.361279649560757,0.267,0.204,3.33257278858849e-74,0.063
Pik3r1,6.62429533571425e-71,0.27241313793903,0.255,0.193,1.08943161091157e-66,0.062
Actn4,6.29266589186081e-56,0.250650224632034,0.273,0.219,1.03489183257543e-51,0.054
Purb,0.0463159772131539,-0.263653988720756,0.453,0.403,1,0.05
Ube2d2a,9.49304195155432e-45,0.267793107363062,0.315,0.266,1.56122567935262e-40,0.049
Fam168b,4.08539412019304e-46,0.256756888215117,0.257,0.209,6.71883917006947e-42,0.048
Clstn1,2.70525896894849e-24,-0.439932560090093,0.669,0.623,4.44906890033268e-20,0.046
Ptms,3.68259541114573e-30,-0.408884642304243,0.568,0.55,6.05639641317027e-26,0.0179999999999999
Tmsb4x,5.919670420053e-36,-2.65305409499216,0.295,0.292,9.73548997281916e-32,0.003
Tuba1a,1.46605575597204e-19,-0.617753314819825,0.341,0.34,2.41107529627162e-15,0.001
Pgam1,1.79627952004766e-10,-0.457091974181494,0.28,0.28,2.95416129867038e-06,0
Got2,7.75350465629e-06,-0.282540970335292,0.268,0.272,0.127514137577345,-0.004
Tspan7,7.7760166013458e-87,-0.540262483467242,0.506,0.517,1.27884369025733e-82,-0.011
Pnrc1,1.54542972523682e-22,-0.446189733041395,0.316,0.327,2.54161372612448e-18,-0.011
Ctnnb1,4.12218052922907e-09,-0.315438237861422,0.259,0.273,6.77933809837013e-05,-0.014
Lbh,5.03451415702821e-20,-0.453244486047047,0.278,0.294,8.2797619826486e-16,-0.016
Mlf2,1.04737564127043e-29,-0.39379666026593,0.373,0.39,1.72251397963335e-25,-0.017
Ndufb8,2.28749398000216e-21,-0.40343456425958,0.26,0.281,3.76201259951156e-17,-0.021
Atp2a2,8.59786456254647e-16,-0.251418971881011,0.3,0.321,1.41400480595639e-11,-0.021
Ap2m1,1.47716884766312e-47,-0.344859505757076,0.493,0.515,2.42935188686677e-43,-0.022
Rtn4,3.74477932155506e-57,-0.733924004339684,0.386,0.41,6.15866407222946e-53,-0.024
Ctsf,2.18372631714027e-27,-0.361427345106613,0.291,0.317,3.59135630116889e-23,-0.026
Pla2g5,2.23670840378897e-56,-0.657393781293872,0.261,0.292,3.67849064087134e-52,-0.031
Gabarapl2,3.03143326190674e-34,-0.427724028509794,0.219,0.251,4.98549514253182e-30,-0.032
Rab18,4.68045877890423e-31,-0.305795394807758,0.219,0.254,7.69748250778589e-27,-0.035
Ckb,6.33206978511101e-64,-0.534278443968951,0.338,0.374,1.04137219685936e-59,-0.036
Abhd8,9.30964073419241e-43,-0.483770288221332,0.225,0.261,1.53106351514528e-38,-0.036
Ndufb9,2.97865411997302e-52,-0.521425098636562,0.249,0.288,4.89869456570763e-48,-0.039
Wbp2,1.54186046329999e-54,-0.456930473662703,0.22,0.265,2.53574371794316e-50,-0.045
Usf2,7.36659199381461e-56,-0.460428212816135,0.206,0.252,1.21150971930275e-51,-0.046
Clta,3.2551702955792e-103,-0.527467398145464,0.406,0.454,5.35345306810955e-99,-0.048
Lman1,8.98312123098638e-82,-0.572675904084684,0.301,0.349,1.47736411764802e-77,-0.048
Ywhae,5.41466288566485e-69,-0.446723617862026,0.299,0.349,8.90495458176441e-65,-0.05
Ppp2ca,1.55411651623849e-67,-0.417464033144171,0.236,0.291,2.55590002260583e-63,-0.055
Ndufa4,1.63693170249772e-110,-0.661325696546973,0.305,0.361,2.69209787792775e-106,-0.056
Me1,2.04923077072346e-96,-0.702881092470837,0.203,0.26,3.37016492553181e-92,-0.057
Slc25a23,8.77883975248712e-87,-0.59463822398823,0.195,0.252,1.44376798569403e-82,-0.057
Lgmn,8.11782133181502e-129,-1.1248369319325,0.275,0.333,1.3350568962303e-124,-0.058
Serinc3,4.32595534372033e-145,-1.20031391287957,0.299,0.358,7.11446615828245e-141,-0.059
Atp6v0a1,2.2599911790335e-97,-0.532912552086717,0.28,0.341,3.7167814930385e-93,-0.061
Atp5b,5.88797585893395e-135,-0.601583107755511,0.37,0.432,9.68336509760277e-131,-0.062
Cox5b,1.6415260803823e-106,-0.639373263139527,0.186,0.25,2.69965379179672e-102,-0.064
Hist1h2bc,1.6067610290786e-131,-0.596396812167041,0.36,0.425,2.64247918842266e-127,-0.065
Atp6v0d1,2.64051977414848e-101,-0.562596560363533,0.195,0.261,4.3425988205646e-97,-0.066
Fkbp8,4.83707591517125e-105,-0.564900013646668,0.228,0.296,7.95505505009064e-101,-0.068
Pdia4,7.76927727483818e-128,-0.830869272166916,0.195,0.264,1.27773534061989e-123,-0.069
Hsp90b1,3.04351810214586e-116,-0.627267528289129,0.249,0.318,5.00536987078908e-112,-0.069
Pigt,1.37566461446283e-125,-0.659215585828799,0.23,0.301,2.26241802494558e-121,-0.071
Tmem30a,7.09814422100519e-125,-0.606754018157307,0.221,0.295,1.16736079858651e-120,-0.074
Higd1a,7.09444730218963e-133,-0.705032280701104,0.187,0.261,1.16675280331811e-128,-0.074
Gtf2i,1.22373924372298e-120,-0.503942728222465,0.276,0.351,2.01256156022681e-116,-0.075
Ubl3,2.31994593305132e-135,-0.652730199108088,0.23,0.306,3.8153830814962e-131,-0.076
Ndfip1,1.49108204594583e-227,-0.558839598480615,0.528,0.605,2.45223353276252e-223,-0.077
Nedd4,6.62575593573158e-142,-0.645025473251282,0.234,0.311,1.08967182119041e-137,-0.077
Paip2,2.57835776364402e-126,-0.574860355230918,0.22,0.297,4.24036717808896e-122,-0.077
Sptbn1,7.68410516292915e-159,-0.944794379776836,0.236,0.313,1.26372793509533e-154,-0.077
Cltc,1.51811626629593e-138,-0.658100741569219,0.186,0.263,2.49669401155029e-134,-0.077
Eif4g2,4.54957594784724e-173,-0.507558153147608,0.453,0.531,7.48223260382957e-169,-0.078
Ndufb10,3.89775897530346e-154,-0.736293837580732,0.208,0.287,6.41025441078407e-150,-0.079
Cox7b,8.55833688530531e-163,-0.754399357473095,0.176,0.258,1.40750408415731e-158,-0.082
Ctnna1,5.2673438087768e-167,-0.732497552239637,0.204,0.288,8.66267362791433e-163,-0.084
Cotl1,1.02906698705483e-190,-1.03581587356365,0.204,0.289,1.69240356691038e-186,-0.085
Glg1,5.1590066628958e-174,-0.695376933556136,0.188,0.276,8.48450235779842e-170,-0.088
Grcc10,2.70306828603967e-178,-0.68289372477119,0.274,0.363,4.44546610322084e-174,-0.089
H3f3a,8.84489835357121e-187,-0.732534006978394,0.232,0.323,1.45463198322832e-182,-0.091
Tram1,6.50910845439746e-192,-0.784815177185644,0.182,0.273,1.07048797641021e-187,-0.091
Sdhc,1.20108804731082e-192,-0.783462864456897,0.195,0.287,1.97530940260737e-188,-0.092
Epas1,9.27832869876052e-272,-1.30265279664655,0.248,0.34,1.52591393779816e-267,-0.092
Morf4l1,1.83699956301575e-173,-0.605601801308039,0.188,0.28,3.0211294813357e-169,-0.092
Nrep,1.43159690502258e-235,-1.06417512341364,0.175,0.27,2.35440427000014e-231,-0.095
Cpe,0,-0.857843394515653,0.54,0.636,0,-0.096
Rpn1,1.48230234642955e-213,-0.831264198898438,0.188,0.284,2.43779443893803e-209,-0.096
Snx3,2.03961056022253e-222,-0.897196209165817,0.158,0.254,3.35434352734198e-218,-0.096
Ssr1,1.20187977966257e-202,-0.745317139240657,0.209,0.305,1.97661148563306e-198,-0.096
Smdt1,7.56430158316555e-213,-0.821976681813008,0.176,0.272,1.24402503836741e-208,-0.096
Ndufa2,3.11285050888849e-218,-0.840802474197445,0.181,0.278,5.11939394691801e-214,-0.097
Cst3,0,-2.74817162708476,0.687,0.791,0,-0.104
Cd164,3.90201968785583e-303,-1.13576607002179,0.249,0.354,6.4172615786477e-299,-0.105
Ndufb11,1.81228295688371e-271,-0.913786705409257,0.257,0.363,2.98048055089094e-267,-0.106
Chchd10,0,-1.21617764107795,0.277,0.386,0,-0.109
Slc25a3,3.45538219042653e-240,-0.742121410045335,0.223,0.332,5.68272155037547e-236,-0.109
Rab1a,8.08462032295203e-245,-0.711266050247955,0.265,0.375,1.32959665831269e-240,-0.11
Dstn,2.09979812898296e-296,-1.05522220435619,0.147,0.258,3.45332800292538e-292,-0.111
Map1lc3b,1.10239392291277e-277,-0.89646447519862,0.189,0.302,1.81299704562234e-273,-0.113
Mdh1,0,-0.911771235479822,0.306,0.42,0,-0.114
Park7,1.60391631536887e-295,-0.907759468095364,0.233,0.348,2.63780077225565e-291,-0.115
Drap1,0,-1.0429946035235,0.135,0.25,0,-0.115
Smpd1,0,-1.23960115187973,0.201,0.317,0,-0.116
Rab2a,2.63357289615725e-295,-0.901747111524287,0.167,0.284,4.33117398502021e-291,-0.117
Rabac1,2.04370118856481e-295,-0.905532475960979,0.214,0.331,3.36107097471368e-291,-0.117
Fis1,0,-1.00198397378682,0.173,0.291,0,-0.118
Sort1,0,-1.21269628551855,0.142,0.261,0,-0.119
Saraf,0,-1.09768352100738,0.145,0.265,0,-0.12
Hdlbp,0,-1.11101513073468,0.133,0.254,0,-0.121
Lrpap1,0,-1.10733197906648,0.141,0.265,0,-0.124
Mapk6,0,-1.24145246390578,0.145,0.271,0,-0.126
Eef2,0,-1.12729417662164,0.166,0.294,0,-0.128
Dynlrb1,0,-1.003342735827,0.18,0.309,0,-0.129
Calm2,0,-1.23232600441065,0.121,0.25,0,-0.129
Ndufa3,0,-1.13835128655075,0.152,0.282,0,-0.13
Clptm1,0,-0.957013464873533,0.233,0.363,0,-0.13
Bzw1,0,-1.10753860886095,0.132,0.262,0,-0.13
Calr,0,-1.03731648261297,0.19,0.321,0,-0.131
Maged1,0,-1.04786668231778,0.212,0.343,0,-0.131
Atp6v1g1,0,-0.995938443672182,0.201,0.334,0,-0.133
Tpp1,0,-1.02454585863391,0.235,0.369,0,-0.134
Lamp1,0,-1.3657326996244,0.128,0.264,0,-0.136
Atp5mpl,0,-1.35013860676914,0.127,0.263,0,-0.136
Nedd8,0,-1.25622845523827,0.126,0.262,0,-0.136
Enpp5,0,-1.37611852533197,0.142,0.278,0,-0.136
Hsbp1,0,-1.16948428409322,0.161,0.3,0,-0.139
Amfr,0,-1.37783211663338,0.122,0.261,0,-0.139
Slc16a1,0,-1.92413254247767,0.294,0.435,0,-0.141
Ndufv3,0,-1.15008218655319,0.208,0.35,0,-0.142
Atp6v1a,0,-1.19996932051128,0.179,0.325,0,-0.146
Cops9,0,-1.15424310000035,0.186,0.333,0,-0.147
Itfg1,0,-1.52209156511292,0.105,0.253,0,-0.148
Nfe2l1,0,-1.48697447900871,0.111,0.259,0,-0.148
Capzb,0,-1.54412266566924,0.109,0.258,0,-0.149
Cox8a,0,-1.160806991191,0.187,0.336,0,-0.149
Ndufa1,0,-1.39092101334583,0.134,0.284,0,-0.15
Tm9sf3,0,-1.04569553420052,0.181,0.331,0,-0.15
Slc3a2,0,-1.30726991821877,0.202,0.355,0,-0.153
Tmbim6,0,-1.05367575763722,0.206,0.359,0,-0.153
Rnasek,0,-1.39134470859382,0.125,0.281,0,-0.156
Tmed7,0,-1.40430078614129,0.12,0.276,0,-0.156
Hspa5,0,-1.61325213297647,0.117,0.275,0,-0.158
Stt3b,0,-1.31895923482327,0.152,0.312,0,-0.16
Serinc1,0,-1.15056433533902,0.188,0.349,0,-0.161
Ndufc2,0,-1.41009229995203,0.139,0.302,0,-0.163
Atp1a1,0,-1.5359142429155,0.263,0.427,0,-0.164
Ubc,0,-1.75336136582203,0.186,0.353,0,-0.167
Prdx5,0,-1.64695971594611,0.115,0.282,0,-0.167
Ppib,0,-1.47592911020612,0.123,0.292,0,-0.169
Tm9sf2,0,-1.67506845156077,0.11,0.281,0,-0.171
Slc25a4,0,-1.28111441584631,0.219,0.391,0,-0.172
Cdc42,0,-1.88382674498166,0.081,0.255,0,-0.174
Pcolce,0,-2.22636265850182,0.082,0.256,0,-0.174
Bri3,0,-1.84151805488779,0.089,0.263,0,-0.174
Elob,0,-1.40826097749673,0.16,0.334,0,-0.174
Ccni,0,-1.50459571705282,0.129,0.304,0,-0.175
Inpp5k,0,-2.68460220416622,0.079,0.256,0,-0.177
Rab5c,0,-1.65695710396601,0.105,0.283,0,-0.178
Sod1,0,-1.92722180599842,0.082,0.261,0,-0.179
Krt18,0,-2.6753427678057,0.08,0.262,0,-0.182
Canx,0,-1.51725436010892,0.132,0.315,0,-0.183
Fau,0,-1.58196832460163,0.195,0.378,0,-0.183
Atp6v1e1,0,-1.63478520092359,0.146,0.329,0,-0.183
Aplp2,0,-1.1912935799812,0.403,0.587,0,-0.184
Actg1,0,-1.73605472256263,0.2,0.385,0,-0.185
Chchd2,0,-1.16609680289547,0.253,0.44,0,-0.187
Sdf4,0,-1.40233114462341,0.189,0.377,0,-0.188
Mapre1,0,-2.10237299167939,0.072,0.261,0,-0.189
Mfap3l,0,-2.57842202340748,0.081,0.271,0,-0.19
Prdx2,0,-1.86421777206055,0.097,0.288,0,-0.191
Fads2,0,-2.52394760887409,0.061,0.252,0,-0.191
Prxl2a,0,-2.31035218425379,0.116,0.309,0,-0.193
Dynll2,0,-1.39928653176665,0.242,0.437,0,-0.195
Ndufa13,0,-1.41816231002016,0.181,0.377,0,-0.196
Pdia3,0,-2.11661081195017,0.081,0.282,0,-0.201
Map1lc3a,0,-1.59062144673481,0.176,0.377,0,-0.201
Atp6ap2,0,-1.58227709950263,0.148,0.351,0,-0.203
Hspa8,0,-1.2572172649941,0.286,0.491,0,-0.205
Slc48a1,0,-2.46094196873663,0.079,0.286,0,-0.207
Slc4a5,0,-3.53883452894281,0.058,0.265,0,-0.207
Calm1,0,-2.49113235683868,0.085,0.297,0,-0.212
Gns,0,-1.90137114717181,0.139,0.352,0,-0.213
Pitpna,0,-1.8752818511308,0.122,0.335,0,-0.213
Arf4,0,-2.66169343218948,0.052,0.265,0,-0.213
Cspg5,0,-2.35094434040245,0.147,0.361,0,-0.214
Arl6ip1,0,-2.64314940289545,0.136,0.357,0,-0.221
Rtn3,0,-1.37732490096803,0.335,0.557,0,-0.222
Taldo1,0,-2.2616724198424,0.118,0.346,0,-0.228
Spg21,0,-3.9193260434083,0.029,0.259,0,-0.23
Gaa,0,-2.80380958014608,0.065,0.296,0,-0.231
Vamp8,0,-3.91607490020898,0.025,0.256,0,-0.231
Atp6ap1,0,-1.68719579067208,0.154,0.387,0,-0.233
Tspan3,0,-1.86007748328909,0.322,0.557,0,-0.235
Atp6v0c,0,-1.46758734747922,0.242,0.478,0,-0.236
Nucb1,0,-2.87858413351338,0.052,0.289,0,-0.237
Tcn2,0,-3.14861450754105,0.052,0.29,0,-0.238
Cfl1,0,-2.61262063473653,0.081,0.321,0,-0.24
Mtch1,0,-1.95168314722076,0.159,0.4,0,-0.241
Tmem59,0,-1.85152230478269,0.154,0.396,0,-0.242
Selenow,0,-1.62528328850834,0.187,0.43,0,-0.243
Slc2a1,0,-2.80955584807684,0.208,0.454,0,-0.246
Slc1a1,0,-5.39595415493006,0.018,0.265,0,-0.247
Sulf1,0,-9.66964799911302,0,0.25,0,-0.25
A2m,0,-9.54614437710167,0.001,0.252,0,-0.251
Laptm4a,0,-3.6576702266295,0.028,0.279,0,-0.251
Sema3c,0,-13.1347121763432,0,0.252,0,-0.252
Ldhb,0,-3.38006953592037,0.048,0.3,0,-0.252
Cryab,0,-5.90130753777823,0.007,0.259,0,-0.252
Timp2,0,-7.57904854485302,0.001,0.255,0,-0.254
Cat,0,-5.59673318699317,0.009,0.264,0,-0.255
Aldh2,0,-9.10882185171813,0.001,0.26,0,-0.259
Sgk1,0,-4.13859874431223,0.038,0.297,0,-0.259
Fth1,0,-1.8492489169749,0.364,0.623,0,-0.259
Ctsa,0,-2.64805800527586,0.09,0.35,0,-0.26
Cpxm2,0,-11.9434801772395,0,0.261,0,-0.261
Cltrn,0,-11.5901027455212,0,0.262,0,-0.262
Plxnb2,0,-2.93124818229223,0.072,0.335,0,-0.263
Rnf13,0,-3.34573577522465,0.05,0.316,0,-0.266
Rpe65,0,-10.9485857136893,0.001,0.267,0,-0.266
Igfbp7,0,-11.3037289655799,0,0.266,0,-0.266
Crim1,0,-7.17668114053075,0.003,0.271,0,-0.268
Tmem98,0,-10.9920176592319,0,0.269,0,-0.269
Tpt1,0,-1.93589281758757,0.25,0.52,0,-0.27
Col8a2,0,-12.1603715056601,0,0.271,0,-0.271
Stra6,0,-12.4596617968677,0,0.271,0,-0.271
Wls,0,-12.7733219187165,0,0.274,0,-0.274
Rdh5,0,-15.5735108318121,0,0.277,0,-0.277
Mfrp,0,-11.0271123732011,0,0.278,0,-0.278
Enpp2,0,-15.5298414290188,0,0.278,0,-0.278
Akr1a1,0,-1.76520142967524,0.227,0.507,0,-0.28
Basp1,0,-5.6344834130698,0.008,0.29,0,-0.282
Rdh10,0,-4.25699555678904,0.062,0.345,0,-0.283
Cd82,0,-12.1709117294176,0,0.283,0,-0.283
Col18a1,0,-12.5558199937271,0,0.284,0,-0.284
Gpc3,0,-13.3389884452098,0,0.284,0,-0.284
Cltb,0,-6.54427523599401,0.004,0.289,0,-0.285
Lamp2,0,-2.35382125609626,0.127,0.412,0,-0.285
Gja1,0,-11.6845968166293,0,0.287,0,-0.287
Pdpn,0,-7.5625483586404,0.002,0.291,0,-0.289
Pltp,0,-12.4964346087934,0,0.29,0,-0.29
Rgr,0,-14.9744873408186,0,0.29,0,-0.29
Gnas,0,-2.71902551235989,0.078,0.37,0,-0.292
Spon1,0,-9.29561449824129,0.001,0.293,0,-0.292
Degs1,0,-4.61645387273428,0.035,0.331,0,-0.296
Ctsl,0,-3.19880465819572,0.064,0.362,0,-0.298
Ttr,0,-14.2633710451765,0.001,0.299,0,-0.298
Dct,0,-9.69324278951764,0.004,0.305,0,-0.301
Sdcbp,0,-5.33213958993576,0.013,0.316,0,-0.303
Glul,0,-4.84160181364265,0.03,0.333,0,-0.303
Npc2,0,-4.05952657489172,0.036,0.34,0,-0.304
Ucp2,0,-10.6902781667304,0,0.306,0,-0.306
Atp1b1,0,-6.90696509723846,0.009,0.317,0,-0.308
Calm3,0,-2.63002971300251,0.112,0.423,0,-0.311
Ptgds,0,-14.2120390807252,0,0.314,0,-0.314
Itm2c,0,-6.11700664695287,0.005,0.32,0,-0.315
Gpm6a,0,-7.67129586022868,0.003,0.319,0,-0.316
Itgb8,0,-12.816784754497,0,0.316,0,-0.316
Cfh,0,-13.0780015326817,0,0.317,0,-0.317
Thbs1,0,-13.5143557690868,0,0.317,0,-0.317
Col9a3,0,-9.83580824578246,0.001,0.318,0,-0.317
Col8a1,0,-13.462752780715,0,0.317,0,-0.317
Itgav,0,-8.20582223583097,0.002,0.322,0,-0.32
Abhd2,0,-12.1646425757309,0,0.322,0,-0.322
Mt2,0,-10.4911558953632,0.001,0.326,0,-0.325
Cnn3,0,-6.91330804738633,0.004,0.338,0,-0.334
Bsg,0,-3.28963854674016,0.141,0.479,0,-0.338
Rlbp1,0,-7.26670098389026,0.009,0.348,0,-0.339
Car14,0,-9.12676312815893,0.002,0.343,0,-0.341
Rbp1,0,-10.4632814664376,0.002,0.345,0,-0.343
Cd81,0,-2.6395005679297,0.161,0.509,0,-0.348
Itm2b,0,-2.6617967828954,0.163,0.519,0,-0.356
Trf,0,-13.7835694080848,0,0.357,0,-0.357
Cd63,0,-6.11011300598841,0.009,0.37,0,-0.361
Clu,0,-9.52241102147985,0.006,0.382,0,-0.376
Ctsb,0,-2.86339234256529,0.207,0.586,0,-0.379
Timp3,0,-12.8681773122798,0,0.384,0,-0.384
Lrp1,0,-10.4444957185917,0.001,0.39,0,-0.389
Mt1,0,-8.83972277060527,0.004,0.397,0,-0.393
Ctsd,0,-5.3405621782235,0.04,0.434,0,-0.394
Eef1a1,0,-2.36001902052705,0.32,0.721,0,-0.401
App,0,-8.47807160089984,0.003,0.446,0,-0.443
Sparc,0,-9.48161158837328,0.001,0.451,0,-0.45
Apoe,0,-11.6079575139813,0.002,0.461,0,-0.459
Psap,0,-4.89366025753896,0.063,0.524,0,-0.461
